File Name,MaterialClass,482,561,655,865,1609,2201
S07LSAT8_Aluminum_brushed_293K_ASDFRa_AREF.txt,impervious,0.3549135,0.36365876,0.36831656,0.37031063,0.47417316,0.51130873
S07LSAT8_Asphalt_GDS376_Blck_Road_old_ASDFRa_AREF.txt,impervious,0.073088787,0.088269725,0.10323631,0.12662062,0.19511986,0.21389017
S07LSAT8_Asphalt_Shingle_GDS366_Tan_ASDFRa_AREF.txt,impervious,0.068889678,0.10783076,0.14520337,0.13797176,0.12555742,0.11936519
S07LSAT8_Asphalt_Shingle_GDS367_DkGry_ASDFRa_AREF.txt,impervious,0.094917133,0.100481,0.1005749,0.10073757,0.085718237,0.076559842
S07LSAT8_Asphalt_Shingle_GDS368_Lgray_ASDFRa_AREF.txt,impervious,0.19311087,0.2038205,0.20115501,0.19798064,0.15965393,0.1335893
S07LSAT8_Asphalt_Tar_GDS346_Blck_Roof_ASDFRa_AREF.txt,impervious,0.025534661,0.025183361,0.024840182,0.024122104,0.026758438,0.027140066
S07LSAT8_Bone_black_GDS808_ASDFRa_AREF.txt,impervious,0.006071311,0.00661027,0.007182475,0.008612837,0.012584142,0.015008074
S07LSAT8_Brick_GDS347_Paving_Tan_ASDFRa_AREF.txt,impervious,0.067023799,0.11596777,0.16613847,0.1666508,0.18203723,0.1728968
S07LSAT8_Brick_GDS348_Pave_DkBrwngrey_ASDFRa_AREF.txt,impervious,0.096445084,0.11308267,0.13324417,0.13821419,0.098326884,0.088634387
S07LSAT8_Brick_GDS349_Paving_Red_ASDFRa_AREF.txt,impervious,0.057665896,0.089253053,0.17194711,0.17324471,0.19707631,0.17295146
S07LSAT8_Brick_GDS350_Dk_Red_Building_ASDFRa_AREF.txt,impervious,0.057494424,0.084678449,0.16532001,0.21256275,0.25161946,0.30704367
S07LSAT8_Brick_GDS353_Building_MedRed_ASDFRa_AREF.txt,impervious,0.080505699,0.1264798,0.23718257,0.23403522,0.27168632,0.25383931
S07LSAT8_Brick_GDS354_Building_Lt_Gry_ASDFRa_AREF.txt,impervious,0.20978759,0.23031798,0.23586051,0.22438501,0.24764194,0.24128638
S07LSAT8_Brick_GDS355_Paving_Dk_Gry_ASDFRa_AREF.txt,impervious,0.069850415,0.074499272,0.078745946,0.08311896,0.062421702,0.059260856
S07LSAT8_Burnt_umber_GDS811_ASDFRa_AREF.txt,impervious,0.009175296,0.01570636,0.027392074,0.049213387,0.13087253,0.176165
S07LSAT8_Cardboard_GDS371_Brn_Corgted_ASDFRa_AREF.txt,impervious,0.12214775,0.18582928,0.28670534,0.49177325,0.51375788,0.36133301
S07LSAT8_Cedar_Shake_GDS357_Fresh_ASDFRa_AREF.txt,impervious,0.063027717,0.12182884,0.26890174,0.57460713,0.39457044,0.2126835
S07LSAT8_Cedar_Shake_GDS358_SlgWeathr_ASDFRa_AREF.txt,impervious,0.081930846,0.13088927,0.2226086,0.48089635,0.46218204,0.31367731
S07LSAT8_Cedar_Shake_GDS359_MedWeathr_ASDFRa_AREF.txt,impervious,0.067583777,0.094085373,0.1425609,0.32155204,0.41706792,0.30380535
S07LSAT8_Cedar_Shake_GDS360_H_Weamoss_ASDFRa_AREF.txt,impervious,0.073086664,0.092491344,0.10428394,0.17544404,0.34452865,0.2998876
S07LSAT8_Cedar_Shake_GDS361_HiWeather_ASDFRa_AREF.txt,impervious,0.10745857,0.13012908,0.15543912,0.22467859,0.40517715,0.36506599
S07LSAT8_Cinder_Block_GDS356_Lg_Grey_ASDFRa_AREF.txt,impervious,0.32677224,0.35473511,0.36685973,0.35592908,0.34614187,0.30792201
S07LSAT8_Coated_Steel_Girder_WTC01-8_ASDFRa_AREF.txt,impervious,0.30019873,0.35024294,0.37042835,0.3614234,0.36065567,0.3401393
S07LSAT8_Cobalt_blue_GDS790_ASDFRa_AREF.txt,impervious,0.2422522,0.036323585,0.082181171,0.51965994,0.13028584,0.26694164
S07LSAT8_Cobalt_green_GDS816_ASDFRa_AREF.txt,impervious,0.057542641,0.072460122,0.028907226,0.22226122,0.069235079,0.26535794
S07LSAT8_Cobalt_violet_GDS803_ASDFRa_AREF.txt,impervious,0.057750925,0.024739997,0.17576295,0.1308623,0.12386357,0.10413818
S07LSAT8_Concrete_GDS375_Lt_Gry_Road_ASDFRa_AREF.txt,impervious,0.24134783,0.29207775,0.31432861,0.31250015,0.33755603,0.33800834
S07LSAT8_Concrete_WTC01-37A_ASDFRa_AREF.txt,impervious,0.47563824,0.525971,0.55552053,0.56641132,0.54379427,0.47371128
S07LSAT8_Europium_Oxide_GDS33C_ASDFRc_AREF.txt,impervious,0.75207871,0.79869461,0.82866734,0.83318573,0.79429668,0.56147486
S07LSAT8_Fiberglass_GDS335_Wh_Roofing_ASDFRa_AREF.txt,impervious,0.83366686,0.83908653,0.82051986,0.77468997,0.57937843,0.30754799
S07LSAT8_Fiberglass_GDS336_Grn_Roofng_ASDFRa_AREF.txt,impervious,0.32518885,0.22800346,0.059289802,0.36825639,0.33783218,0.085865267
S07LSAT8_Fiberglass_GDS337_Grn_Roofng_ASDFRa_AREF.txt,impervious,0.15793128,0.086432159,0.010674925,0.20735697,0.3194111,0.077364884
S07LSAT8_Fiberglass_GDS374_Pnk_Insul_ASDFRa_AREF.txt,impervious,0.22387028,0.24626881,0.44587401,0.47473404,0.48861495,0.47920734
S07LSAT8_Fiberglass_GDS399_Clear_Roof_ASDFRa_AREF.txt,impervious,0.42032796,0.42432323,0.42305359,0.42455405,0.38612029,0.12692246
S07LSAT8_Gadolinium_Nitrate_Hydrate_ASDFRa_AREF.txt,impervious,0.37180746,0.3681964,0.36467922,0.34916273,0.027728111,0.015223879
S07LSAT8_Gadolinium_Oxide_A-5_SPEX_ASDFRc_AREF.txt,impervious,0.73394245,0.79219836,0.83546561,0.86205161,0.81089544,0.69843698
S07LSAT8_Gadolinium_Oxide_JMC313_ASDFRc_AREF.txt,impervious,0.82039237,0.85542196,0.87827486,0.8946324,0.83214474,0.67005032
S07LSAT8_GalvanizedSheetMetal_GDS334_ASDFRa_AREF.txt,impervious,0.092283808,0.087406754,0.078411035,0.061380509,0.11578339,0.12291527
S07LSAT8_Green_Slime_SM93-14A_Summitv_BECKa_AREF.txt,impervious,0.14123192,0.20898698,0.13076507,0.14722799,0.50826871,0.43351072
S07LSAT8_Iron_oxide_#4820_GDS782_ASDFRa_AREF.txt,impervious,0.014950772,0.028953269,0.14522058,0.18782258,0.51359373,0.51110649
S07LSAT8_Iron_oxide_GDS810_(Mars)_blk_ASDFRa_AREF.txt,impervious,0.014521726,0.01506997,0.016285053,0.015682535,0.016056374,0.018559854
S07LSAT8_Iron_Oxide_SA-480665_gamma_ASDHRa_AREF.txt,impervious,0.020489285,0.05748149,0.17147681,0.30527219,0.2777853,0.35204414
S07LSAT8_Iron_Powder_SA-267953_lt10_um_ASDHRa_AREF.txt,impervious,0.11285093,0.11334238,0.11555776,0.12787575,0.17437437,0.20720218
S07LSAT8_Iron_Sulfide_Cerac-I-1047_ASDHRa_AREF.txt,impervious,0.02967662,0.034805715,0.035992797,0.030899979,0.028955352,0.047246832
S07LSAT8_IronPowder_SA-209309_325mesh_ASDFRa_AREF.txt,impervious,0.12466712,0.12752047,0.1314396,0.14570084,0.20050997,0.24021457
S07LSAT8_Italian_burnt_sienna_GDS812_ASDFRa_AREF.txt,impervious,0.014508657,0.033792581,0.11248624,0.1596286,0.34519339,0.35030344
S07LSAT8_Italian_nat_sienna_GDS805_ASDFRa_AREF.txt,impervious,0.055561539,0.14198853,0.22769059,0.25571331,0.53131193,0.43520287
S07LSAT8_Kerogen_BK-Cornell_BECKa_AREF.txt,impervious,0.01335864,0.015993373,0.021372436,0.036634464,0.039353572,0.040629245
S07LSAT8_Lazurite_GDS792_RussianPrem_ASDFRa_AREF.txt,impervious,0.25563276,0.093432032,0.10001951,0.39110181,0.5676803,0.5750308
S07LSAT8_Malachite_GDS801_synthetic_ASDFRa_AREF.txt,impervious,0.36323747,0.33981672,0.1617199,0.11273267,0.3316837,0.39088517
S07LSAT8_Manganese_violet_GDS804_ASDFRa_AREF.txt,impervious,0.069097236,0.026560139,0.1664525,0.15478645,0.38977438,0.34377992
S07LSAT8_Natural_umber_GDS809_(raw)_ASDFRa_AREF.txt,impervious,0.014690793,0.025808176,0.042444333,0.067712024,0.088419512,0.09023419
S07LSAT8_Nickel_Powder_SA-268283_lt1um_ASDFRa_AREF.txt,impervious,0.052889235,0.058626883,0.063377537,0.066267654,0.0742561,0.074998833
S07LSAT8_Nickel_Powder_SA-577995_nano_ASDFRa_AREF.txt,impervious,0.014408435,0.015081315,0.01563251,0.015526109,0.016480757,0.017341321
S07LSAT8_Nylon_Fabric_GDS436_BlkCoatd_ASDFRa_AREF.txt,impervious,0.13714628,0.13183837,0.13483164,0.35964081,0.59928334,0.38084146
S07LSAT8_Oil_BlackPoolonBeach_DWO-06b_ASDFRa_AREF.txt,impervious,0.022694621,0.023814637,0.027915228,0.048130412,0.12253196,0.053159267
S07LSAT8_Oil_Water_Benzene10_DWH10-3_ASDHRa_AREF.txt,impervious,0.009132429,0.031940941,0.093101084,0.29553795,0.24738736,0.1190282
S07LSAT8_Oil_Water_Benzene17_DWH10-3_ASDHRa_AREF.txt,impervious,0.007988783,0.029701138,0.089145645,0.29029235,0.25102624,0.12141442
S07LSAT8_Oil_waterEmuls._DWO-3-BAT-09_ASDFRa_AREF.txt,impervious,0.048789561,0.053146921,0.064587444,0.10228849,0.081937075,0.053812269
S07LSAT8_Oil01_Water99_DWH10-3_28mm_ASDHRb_AREF.txt,impervious,0.041080177,0.095087044,0.17987065,0.2873162,0.11402472,0.071314216
S07LSAT8_Oil01_Water99_DWH10-3_foam_ASDHRb_AREF.txt,impervious,0.1146794,0.15007395,0.20718871,0.33897242,0.18379715,0.085475132
S07LSAT8_Oil23_Water77_DWH10-3_.025mm_ASDHRa_AREF.txt,impervious,0.11645662,0.2007037,0.27219331,0.27273217,0.10377821,0.053227928
S07LSAT8_Oil23_Water77_DWH10-3_0.05mm_ASDHRa_AREF.txt,impervious,0.11770833,0.20568401,0.29671857,0.32922229,0.13336283,0.063650064
S07LSAT8_Oil23_Water77_DWH10-3_0.1_mm_ASDHRa_AREF.txt,impervious,0.12290785,0.21320322,0.31556964,0.37724596,0.1617879,0.07282038
S07LSAT8_Oil23_Water77_DWH10-3_0.5_mm_ASDHRa_AREF.txt,impervious,0.10686373,0.18899123,0.29424456,0.45893893,0.21524227,0.073603921
S07LSAT8_Oil23_Water77_DWH10-3_1.85mm_ASDHRa_AREF.txt,impervious,0.1284823,0.2131343,0.32654196,0.52379346,0.23304287,0.082857855
S07LSAT8_Oil23_Water77_DWH10-3_4_mm_ASDHRa_AREF.txt,impervious,0.10972606,0.1923117,0.3031067,0.49598953,0.2159576,0.075489931
S07LSAT8_Oil23_Water77_DWH10-3_8_mm_ASDHRa_AREF.txt,impervious,0.10591058,0.19308425,0.30963433,0.51034456,0.22411707,0.075840093
S07LSAT8_Oil40_Water60_DWH10-3_0.05mm_ASDHRa_AREF.txt,impervious,0.095628478,0.18700948,0.26328063,0.28817397,0.17733739,0.11928061
S07LSAT8_Oil40_Water60_DWH10-3_0.1_mm_ASDHRa_AREF.txt,impervious,0.084288336,0.17263481,0.2867296,0.39408299,0.26368916,0.15100209
S07LSAT8_Oil40_Water60_DWH10-3_0.5_mm_ASDHRa_AREF.txt,impervious,0.087203749,0.17583402,0.29617602,0.49249092,0.32605633,0.15328655
S07LSAT8_Oil40_Water60_DWH10-3_1.85mm_ASDHRa_AREF.txt,impervious,0.09362448,0.18182392,0.30876836,0.53872448,0.34298316,0.15637195
S07LSAT8_Oil40_Water60_DWH10-3_4_mm_ASDHRa_AREF.txt,impervious,0.11055005,0.19819641,0.32293957,0.54689986,0.35190535,0.16703072
S07LSAT8_Oil40_Water60_DWH10-3_8_mm_ASDHRa_AREF.txt,impervious,0.085568935,0.17427446,0.29992789,0.52729589,0.33171827,0.14907402
S07LSAT8_Oil60_Water40_DWH10-3_.025mm_ASDHRa_AREF.txt,impervious,0.020825963,0.053648923,0.085939638,0.10270497,0.086813897,0.080688052
S07LSAT8_Oil60_Water40_DWH10-3_0.05mm_ASDHRa_AREF.txt,impervious,0.015715051,0.05191287,0.10740916,0.1552839,0.13588516,0.11823567
S07LSAT8_Oil60_Water40_DWH10-3_0.1_mm_ASDHRa_AREF.txt,impervious,0.011765587,0.03943608,0.1050141,0.20206489,0.18813276,0.14443704
S07LSAT8_Oil60_Water40_DWH10-3_0.5_mm_ASDHRa_AREF.txt,impervious,0.011918691,0.035820823,0.093003117,0.25263634,0.26821828,0.14651445
S07LSAT8_Oil60_Water40_DWH10-3_1.85mm_ASDHRa_AREF.txt,impervious,0.012252219,0.033947811,0.087572172,0.25884438,0.28191039,0.14432171
S07LSAT8_Oil60_Water40_DWH10-3_4_mm_ASDHRa_AREF.txt,impervious,0.010625555,0.035941351,0.10124066,0.31021136,0.29590207,0.14181958
S07LSAT8_Oil60_Water40_DWH10-3_8_mm_ASDHRa_AREF.txt,impervious,0.016256152,0.046141237,0.11689655,0.32740608,0.30827892,0.15532818
S07LSAT8_Oil75_Water25_DWH10-3_8_mm_ASDHRa_AREF.txt,impervious,0.037421148,0.076415248,0.13603348,0.26996076,0.22696935,0.069157384
S07LSAT8_Oil92_Water08_DWH10-3_0.05mm_ASDHRa_AREF.txt,impervious,0.001716017,0.00506103,0.011830122,0.017663708,0.016073531,0.014702345
S07LSAT8_Oil92_Water08_DWH10-3_0.1_mm_ASDHRa_AREF.txt,impervious,0.001149645,0.002191194,0.008668038,0.028087404,0.032442521,0.027101869
S07LSAT8_Oil92_Water08_DWH10-3_0.5_mm_ASDHRa_AREF.txt,impervious,0.001343276,0.002015946,0.003195953,0.024496164,0.084053852,0.045037556
S07LSAT8_Oil92_Water08_DWH10-3_1.85mm_ASDHRa_AREF.txt,impervious,0.000997894,0.001624975,0.002454575,0.006653634,0.10247596,0.024996696
S07LSAT8_Oil92_Water08_DWH10-3_4_mm_ASDHRa_AREF.txt,impervious,0.002832562,0.003937284,0.005262159,0.009434005,0.078372858,0.021915507
S07LSAT8_Oiled_marsh_dry_DWO-3-BAT-09_ASDFRa_AREF.txt,impervious,0.027298396,0.036824521,0.057313543,0.18081822,0.26152566,0.12790148
S07LSAT8_Oiled_marsh_DWO-3-BAT-06_ASDFRa_AREF.txt,impervious,0.029245406,0.035534646,0.051306665,0.13715443,0.23061676,0.12865625
S07LSAT8_Oiled_marsh_DWO-3-BAT-09_ASDFRa_AREF.txt,impervious,0.020277115,0.023754589,0.036397025,0.1065809,0.14972053,0.081315018
S07LSAT8_Oiled_P.austral._DWO-3-DEL-1_ASDFRa_AREF.txt,impervious,0.094856165,0.128911,0.18354072,0.34511006,0.39509565,0.26715577
S07LSAT8_Oiled_S.altern._DWO-3-BAT-06_ASDFRa_AREF.txt,impervious,0.088299431,0.091684826,0.096812591,0.12171092,0.15445194,0.11365626
S07LSAT8_Oiled_sand_area_GrndIsle_ASDFRa_AREF.txt,impervious,0.040087424,0.045641076,0.055966701,0.087903015,0.15531389,0.11236535
S07LSAT8_Oiled_sand_brown_GrndIsle_ASDFRa_AREF.txt,impervious,0.034753814,0.044834141,0.063137017,0.10796604,0.20385632,0.17174816
S07LSAT8_Oiled_sand_dark_GrndIsle_ASDFRa_AREF.txt,impervious,0.048905563,0.061199039,0.078785986,0.11745329,0.19666953,0.16683426
S07LSAT8_OiledMarshPlant_DWO-2-BAT-08_ASDFRa_AREF.txt,impervious,0.027110077,0.042312894,0.062985711,0.15862931,0.13256347,0.068382055
S07LSAT8_OiledMarshPlant_DWO-2-BAT-09_ASDFRa_AREF.txt,impervious,0.040785819,0.06520886,0.086761795,0.25474873,0.16029128,0.076007366
S07LSAT8_OiledMarshPlant_DWO-2-DEL-04_ASDFRa_AREF.txt,impervious,0.056056868,0.094740912,0.15028256,0.29784316,0.19805236,0.092857271
S07LSAT8_Oxide_of_chromium_GDS795_ASDFRa_AREF.txt,impervious,0.037006866,0.087321386,0.072759047,0.35069373,0.35142016,0.37689331
S07LSAT8_Painted_Aluminum_GDS333_LgGr_ASDFRa_AREF.txt,impervious,0.47661942,0.52403086,0.51452333,0.45430341,0.30659649,0.27166945
S07LSAT8_Particle_Board_GDS364_Fn_Gr_ASDFRa_AREF.txt,impervious,0.23002824,0.31850368,0.42384484,0.60548425,0.5291425,0.32779908
S07LSAT8_Phthalocyaninie_blue_GDS799_ASDFRa_AREF.txt,impervious,0.060457181,0.003614594,0.006662251,0.18742214,0.53171498,0.47211936
S07LSAT8_Plastic_ABS_GDS341_BlackPipe_ASDFRa_AREF.txt,impervious,0.024774183,0.023676708,0.02251829,0.020703901,0.016931901,0.015109089
S07LSAT8_Plastic_HDPE_GDS351_BlkSheet_ASDFRa_AREF.txt,impervious,0.13152941,0.12393443,0.11698392,0.10908775,0.092597336,0.08437603
S07LSAT8_Plastic_HDPE_GDS373_Grey_Bag_ASDFRa_AREF.txt,impervious,0.41723627,0.41842231,0.41382784,0.40686432,0.40281242,0.411401
S07LSAT8_Plastic_HDPE_GDS384_Wht_Opaq_ASDFRa_AREF.txt,impervious,0.77798539,0.78226084,0.7742216,0.74877262,0.57269126,0.19797766
S07LSAT8_Plastic_HDPE_GDS385_WhTransl_ASDFRa_AREF.txt,impervious,0.66800565,0.62830383,0.59078294,0.62520617,0.41839537,0.13645492
S07LSAT8_Plastic_HDPE_GDS386_Yelopaqu_ASDFRa_AREF.txt,impervious,0.40992355,0.7097249,0.71977049,0.67373317,0.42620692,0.12155995
S07LSAT8_Plastic_HDPE_GDS387_WhTransl_ASDFRa_AREF.txt,impervious,0.55072707,0.53201979,0.49201614,0.46768466,0.3303642,0.1769954
S07LSAT8_Plastic_HDPE_GDS389_WhTransl_ASDFRa_AREF.txt,impervious,0.36086753,0.32565153,0.28998664,0.23809497,0.14558145,0.064624451
S07LSAT8_Plastic_HDPE_GDS390_Transpar_ASDFRa_AREF.txt,impervious,0.42881042,0.42869449,0.42772734,0.43089804,0.44265518,0.45167434
S07LSAT8_Plastic_HDPE_GDS391_Blu-Grn_ASDFRa_AREF.txt,impervious,0.26191238,0.18628019,0.081295371,0.32881594,0.37653366,0.38699862
S07LSAT8_Plastic_HDPE_GDS392_WhTransl_ASDFRa_AREF.txt,impervious,0.54958522,0.53105891,0.51007628,0.4849782,0.45344636,0.44348565
S07LSAT8_Plastic_HDPE_GDS393_GlosWhTr_ASDFRa_AREF.txt,impervious,0.55996704,0.54320282,0.52263224,0.48749816,0.41875178,0.39352429
S07LSAT8_Plastic_HDPE_GDS394_LgryTrns_ASDFRa_AREF.txt,impervious,0.4026708,0.40119082,0.39413348,0.39012653,0.4004629,0.41476405
S07LSAT8_Plastic_HDPE_GDS400_WhTrnslu_ASDFRa_AREF.txt,impervious,0.58140761,0.56489003,0.54041231,0.50505507,0.4294216,0.2562834
S07LSAT8_Plastic_LDPE_GDS401_Clr_film_ASDFRa_AREF.txt,impervious,0.41438884,0.41455698,0.41252178,0.4157463,0.41406769,0.414666
S07LSAT8_Plastic_LDPE_GDS402_Clr_film_ASDFRa_AREF.txt,impervious,0.45812505,0.45722431,0.45435745,0.45561618,0.45499086,0.4386735
S07LSAT8_Plastic_LDPE_GDS404_WhTrnslu_ASDFRa_AREF.txt,impervious,0.72664964,0.71403533,0.69408059,0.66819614,0.57517892,0.43492612
S07LSAT8_Plastic_LDPE_GDS405_Black_ASDFRa_AREF.txt,impervious,0.015727201,0.014577539,0.013863493,0.012215273,0.010239366,0.010025963
S07LSAT8_Plastic_LDPE_GDS406_WhTrnslu_ASDFRa_AREF.txt,impervious,0.88111711,0.8399303,0.82451773,0.81541091,0.62090409,0.24134777
S07LSAT8_Plastic_PETE_GDS379_TrnslBrn_ASDFRa_AREF.txt,impervious,0.005206483,0.017745392,0.051168028,0.39877012,0.36403582,0.15269594
S07LSAT8_Plastic_PETE_GDS380_Clear_ASDFRa_AREF.txt,impervious,0.48244485,0.48582566,0.49338016,0.49855903,0.39312553,0.080341361
S07LSAT8_Plastic_PETE_GDS381_Clr-prpl_ASDFRa_AREF.txt,impervious,0.50332981,0.4200789,0.52275252,0.60872,0.44749141,0.16451232
S07LSAT8_Plastic_PETE_GDS382_Black_ASDFRa_AREF.txt,impervious,0.068802558,0.066503517,0.065210693,0.063891344,0.051928803,0.040938865
S07LSAT8_Plastic_PETE_GDS383_Clrbluis_ASDFRa_AREF.txt,impervious,0.35226882,0.26969308,0.26382133,0.45041066,0.40712386,0.18257058
S07LSAT8_Plastic_Pipe_GDS342_Black_ASDFRa_AREF.txt,impervious,0.036463764,0.036137119,0.035906035,0.036174659,0.034984842,0.034182247
S07LSAT8_Plastic_Pipe_GDS344_Blue_ASDFRa_AREF.txt,impervious,0.53624058,0.37969717,0.25125423,0.66450828,0.53619903,0.1679565
S07LSAT8_Plastic_PVC_GDS338_White_ASDFRa_AREF.txt,impervious,0.6391207,0.66293323,0.69163817,0.7030139,0.53863078,0.17643161
S07LSAT8_Plastic_Tarp_GDS339_Green_ASDFRa_AREF.txt,impervious,0.19989546,0.21134739,0.1078501,0.6102519,0.59687352,0.46168897
S07LSAT8_Plastic_Tarp_GDS340_Blu_Wovn_ASDFRa_AREF.txt,impervious,0.30349785,0.082978025,0.077611983,0.57126021,0.59349114,0.45598555
S07LSAT8_Plastic_Tyvek_GDS369_White_ASDFRa_AREF.txt,impervious,0.70803434,0.69918478,0.68807489,0.67122531,0.60358113,0.53096443
S07LSAT8_Plastic_Vinyl_GDS372_White_ASDFRa_AREF.txt,impervious,0.80721283,0.79077357,0.76511765,0.71095878,0.58959675,0.38671762
S07LSAT8_Plastic_Vinyl_GDS395_Clr1mm_ASDFRa_AREF.txt,impervious,0.4236643,0.36386615,0.42019421,0.47352678,0.44340658,0.18925402
S07LSAT8_Plastic_Vinyl_GDS396_Clr1mm_ASDFRa_AREF.txt,impervious,0.41219479,0.36448291,0.40866619,0.4481332,0.43729696,0.21021897
S07LSAT8_Plastic_Vinyl_GDS397_Cl0.4mm_ASDFRa_AREF.txt,impervious,0.42809916,0.40097949,0.41490209,0.45661455,0.46750796,0.35332325
S07LSAT8_Plastic_Vinyl_GDS398_Red_Toy_ASDFRa_AREF.txt,impervious,0.090736292,0.087392285,0.69439143,0.65565592,0.30481362,0.069177911
S07LSAT8_Plastic_Visqueen_GDS370_Clr_ASDFRa_AREF.txt,impervious,0.4494276,0.45275807,0.45301604,0.45609069,0.4509545,0.40354148
S07LSAT8_Plywood_GDS365_Fresh_Pine_ASDFRa_AREF.txt,impervious,0.23284693,0.34743631,0.56912428,0.79726923,0.5967586,0.41409755
S07LSAT8_Polyester_Pile_GDS434_Blk_ASDFRa_AREF.txt,impervious,0.012474936,0.011419629,0.014392394,0.73776186,0.67291284,0.41456643
S07LSAT8_Polyester_Pile_GDS435_DkGrn_ASDFRa_AREF.txt,impervious,0.037072685,0.033038396,0.017876163,0.61751479,0.57277089,0.37424955
S07LSAT8_Polyester_Webbing_GDS429_Blk_ASDFRa_AREF.txt,impervious,0.021823712,0.021495819,0.021515366,0.51477993,0.50993758,0.2619541
S07LSAT8_Polystyrene_GDS345_BluInsul_ASDFRa_AREF.txt,impervious,0.74986458,0.60018742,0.5018214,0.82809484,0.78105724,0.59137404
S07LSAT8_Potassium_Sulfate_JT1-3282_ASDHRa_AREF.txt,impervious,0.96301794,0.97642016,0.98565412,0.99238032,0.98797917,0.97984785
S07LSAT8_Praseodymium_Chloride_39386_ASDFRa_AREF.txt,impervious,0.39382946,0.70796233,0.75674379,0.75410843,0.14610571,0.25416839
S07LSAT8_Praseodymium_Nitrate_Hexahyd_ASDFRa_AREF.txt,impervious,0.25412163,0.46610287,0.58166772,0.56892246,0.020466302,0.023947772
S07LSAT8_Praseodymium_Oxide_GDS35_ASDFRc_AREF.txt,impervious,0.017766764,0.019483224,0.029301189,0.04315095,0.36567676,0.61875445
S07LSAT8_Praseodymium_Oxide_GDS35_BECKc_AREF.txt,impervious,0.016479973,0.018312896,0.028646413,0.043314621,0.34759387,0.59913236
S07LSAT8_Praseodymium_Oxide_PR62_SPEX_ASDFRc_AREF.txt,impervious,0.020251026,0.021540711,0.028214816,0.039495748,0.30669168,0.53748125
S07LSAT8_Prussian_blue_GDS802_ASDFRa_AREF.txt,impervious,0.007194471,0.001336962,0.002055226,0.003243303,0.14389916,0.23813929
S07LSAT8_Renyolds_Tnl_Sludge_SM93-15_BECKa_AREF.txt,impervious,0.012235808,0.025113521,0.039621718,0.049002517,0.23936993,0.13651051
S07LSAT8_Renyolds_TnlSldgWet_SM93-15w_BECKa_AREF.txt,impervious,0.026349718,0.047576837,0.069346853,0.075690091,0.034422521,0.017107977
S07LSAT8_Roofing_Felt_GDS377_Black_ASDFRa_AREF.txt,impervious,0.038282089,0.039396022,0.04179889,0.052795485,0.12075467,0.12575507
S07LSAT8_Rusted_Tin_Can_GDS378_MV99-6_ASDFRa_AREF.txt,impervious,0.060047165,0.08824794,0.14553389,0.16186911,0.20838295,0.17286614
S07LSAT8_Samarium_Oxide_B-5_SPEX_ASDFRa_AREF.txt,impervious,0.67727715,0.82787997,0.869847,0.87453377,0.50404763,0.69323337
S07LSAT8_Samarium_Oxide_GDS36_ASDFRa_AREF.txt,impervious,0.60107857,0.77208614,0.8156774,0.79875135,0.40597612,0.58739233
S07LSAT8_Samarium_Oxide_GDS36_BECKa_AREF.txt,impervious,0.75173616,0.9005186,0.93678391,0.93389344,0.54526913,0.76594818
S07LSAT8_Scandium_Oxide_J.M._300_S575_ASDFRa_AREF.txt,impervious,0.82036728,0.85285765,0.86817944,0.88017124,0.81949747,0.75584108
S07LSAT8_Sheet_Metal_GDS352_crg_Galvn_ASDFRa_AREF.txt,impervious,0.29677472,0.28839073,0.26718268,0.21799277,0.40360746,0.43162104
S07LSAT8_Sodium_Sulfate_JT1-3989_ASDHRc_AREF.txt,impervious,0.9130336,0.92686725,0.93579262,0.9435643,0.9443301,0.94103467
S07LSAT8_Spectralon99WhiteRef_LSPHERE_ASDFRa_AREF.txt,impervious,0.98932463,0.98959708,0.98958671,0.989586,0.98732841,0.95912313
S07LSAT8_Strand_Board_GDS362_Oriented_ASDFRa_AREF.txt,impervious,0.13242161,0.18068606,0.24574828,0.36802286,0.37252876,0.29250559
S07LSAT8_Tar_Paper_GDS285A_New_Blk_ASDFRa_AREF.txt,impervious,0.037133567,0.037245251,0.038191017,0.04270184,0.079293661,0.084138148
S07LSAT8_Tar_Paper_GDS285B_Weath_Blk_ASDFRa_AREF.txt,impervious,0.042678952,0.048672467,0.056728307,0.081316322,0.19124995,0.16977115
S07LSAT8_Terbium_(III)_Chloride_35798_ASDFRa_AREF.txt,impervious,0.82992887,0.86905777,0.87159342,0.87847072,0.79960138,0.43880579
S07LSAT8_Terbium_Oxide_10917_G17T013_ASDFRa_AREF.txt,impervious,0.016940996,0.021588314,0.035846252,0.068426497,0.43047586,0.56472772
S07LSAT8_Terra_Pozzuoli_GDS806_ASDFRa_AREF.txt,impervious,0.025217725,0.070360079,0.24097419,0.28608784,0.42508197,0.38991201
S07LSAT8_Terrycloth_Fabric_GDS537_Yel_ASDFRa_AREF.txt,impervious,0.41470185,0.46850097,0.49671528,0.54315209,0.42464793,0.3009342
S07LSAT8_Thulium_Oxide_J.M._318_S4939_ASDFRa_AREF.txt,impervious,0.70338386,0.81073189,0.69234264,0.82212996,0.54309547,0.66341823
S07LSAT8_Titanium_dioxide_GDS798_TiO2_ASDFRa_AREF.txt,impervious,0.56644022,0.5810982,0.59136194,0.60434681,0.55791706,0.48766705
S07LSAT8_Ultramarine_GDS791_sy_vdark_ASDFRa_AREF.txt,impervious,0.14822894,0.015690509,0.019506918,0.2386408,0.45924085,0.44435471
S07LSAT8_Venetian_red_GDS783_ASDFRa_AREF.txt,impervious,0.021757551,0.042524863,0.17734745,0.24003692,0.38434443,0.32786378
S07LSAT8_Verdigris_GDS789_ASDFRa_AREF.txt,impervious,0.1309423,0.026071886,0.01078962,0.01261684,0.42410317,0.18677051
S07LSAT8_Vermiculite_ALB006CH01_exOre_ASDFRb_AREF.txt,impervious,0.19141847,0.26088575,0.35868862,0.46433893,0.57758933,0.56706238
S07LSAT8_Vermiculite_ALB22SC00_expOre_ASDFRb_AREF.txt,impervious,0.16945323,0.23705962,0.31885722,0.48120907,0.56920439,0.60477114
S07LSAT8_Vermiculite_ALB23SC00_expOre_ASDFRb_AREF.txt,impervious,0.16451786,0.22207378,0.29158494,0.4111813,0.55893153,0.58359617
S07LSAT8_Vermiculite_at1UI_expand_Ore_ASDFRb_AREF.txt,impervious,0.22728905,0.28158259,0.3126395,0.34892371,0.46132508,0.55171365
S07LSAT8_Vermiculite_GDS327_expandOre_ASDFRb_AREF.txt,impervious,0.22476074,0.308909,0.37408084,0.46128261,0.64037114,0.63418698
S07LSAT8_Vermiculite_GDS332_expandOre_ASDFRb_AREF.txt,impervious,0.21251322,0.28096363,0.33809423,0.40571865,0.51592427,0.5204404
S07LSAT8_Vermiculite_GDS445_expandOre_ASDFRb_AREF.txt,impervious,0.29006663,0.38893259,0.46207982,0.55066097,0.71005744,0.67851079
S07LSAT8_Vermiculite_GDS450_expandOre_ASDFRb_AREF.txt,impervious,0.29039073,0.38782534,0.44721812,0.50697505,0.64567554,0.64908308
S07LSAT8_Vermiculite_GDS453_expandOre_ASDFRb_AREF.txt,impervious,0.27709967,0.37131643,0.43701428,0.5139088,0.68112636,0.68198442
S07LSAT8_Vermiculite_GDS455_expandOre_ASDFRb_AREF.txt,impervious,0.17052475,0.21967465,0.26287693,0.32465076,0.50570166,0.55888683
S07LSAT8_Vermiculite_GDS460_expandOre_ASDFRb_AREF.txt,impervious,0.18398438,0.2673412,0.34062973,0.43089873,0.59635669,0.54976839
S07LSAT8_Vermiculite_GDS626_expandOre_ASDFRb_AREF.txt,impervious,0.22020708,0.30223295,0.36239845,0.43123579,0.60375875,0.6083563
S07LSAT8_Vermiculite_GDS627_expandOre_ASDFRb_AREF.txt,impervious,0.17682879,0.23141946,0.28726754,0.36186481,0.51954073,0.58532441
S07LSAT8_Vermiculite_GDS628_expandOre_ASDFRb_AREF.txt,impervious,0.1779459,0.2355693,0.2913667,0.36180428,0.57915831,0.63972247
S07LSAT8_Vermiculite_GDS629_expandOre_ASDFRb_AREF.txt,impervious,0.23115584,0.31154776,0.38984987,0.50808799,0.58994007,0.60764438
S07LSAT8_Vermiculite_GDS631_expandOre_ASDFRb_AREF.txt,impervious,0.17052475,0.21967465,0.26287693,0.32465076,0.50570166,0.55888683
S07LSAT8_Vermiculite_GDS649_expandOre_ASDFRb_AREF.txt,impervious,0.23063569,0.29746279,0.35062447,0.4113456,0.49188408,0.51972187
S07LSAT8_Vermiculite_GDS650_expandOre_ASDFRb_AREF.txt,impervious,0.29893959,0.39807364,0.46771243,0.55780411,0.71740735,0.73915988
S07LSAT8_Vermiculite_GDS651_expandOre_ASDFRb_AREF.txt,impervious,0.13207711,0.16827194,0.20350219,0.25373933,0.37102973,0.42331672
S07LSAT8_Vermiculite_GDS652_expandOre_ASDFRb_AREF.txt,impervious,0.20494607,0.27911285,0.34436595,0.43550259,0.56577319,0.63756371
S07LSAT8_Vermiculite_GDS653_expandOre_ASDFRb_AREF.txt,impervious,0.2039842,0.27411038,0.33373487,0.41662347,0.54563427,0.62454134
S07LSAT8_Vermiculite_GDS663_expandOre_ASDFRb_AREF.txt,impervious,0.31765535,0.40505844,0.47034568,0.54582644,0.6334306,0.65345287
S07LSAT8_Vermiculite_GDS700_expandOre_ASDFRb_AREF.txt,impervious,0.36190161,0.45794219,0.52088618,0.58626968,0.72729826,0.74305087
S07LSAT8_Vermiculite_GDS701_expandOre_ASDFRb_AREF.txt,impervious,0.22665071,0.30087417,0.35374966,0.41539598,0.51986367,0.59033424
S07LSAT8_Vermiculite_GDS823_expandOre_ASDFRb_AREF.txt,impervious,0.20013054,0.25930291,0.31141394,0.38571104,0.49387956,0.55896485
S07LSAT8_Vermiculite_GDS836_expandOre_ASDFRb_AREF.txt,impervious,0.25049767,0.32615697,0.37193349,0.41725162,0.58477986,0.62166524
S07LSAT8_Vermiculite_GDS847_expandOre_ASDFRb_AREF.txt,impervious,0.17090979,0.228834,0.27967367,0.34945059,0.51233542,0.53975165
S07LSAT8_Vermiculite_GDS850_expandOre_ASDFRb_AREF.txt,impervious,0.14483534,0.19883804,0.26006266,0.33762875,0.46621558,0.52985138
S07LSAT8_Vermiculite_GDS876_expandOre_ASDFRb_AREF.txt,impervious,0.20494607,0.27911285,0.34436595,0.43550259,0.56577319,0.63756371
S07LSAT8_Vermiculite_GDS886_expandOre_ASDFRb_AREF.txt,impervious,0.22759195,0.30102491,0.36061457,0.42953584,0.53074324,0.59606367
S07LSAT8_Vermiculite_GDS887_expandOre_ASDFRb_AREF.txt,impervious,0.12996632,0.1935685,0.25600505,0.35205117,0.52642775,0.58873904
S07LSAT8_Vermiculite_GDS906_expandOre_ASDFRb_AREF.txt,impervious,0.33734962,0.42453685,0.48837772,0.54986441,0.68642801,0.71281117
S07LSAT8_Vermiculite_GDS907_expandOre_ASDFRb_AREF.txt,impervious,0.15653823,0.22502731,0.27500886,0.34732208,0.56786585,0.62833297
S07LSAT8_Vermiculite_GDS908_expandOre_ASDFRb_AREF.txt,impervious,0.17982548,0.25480324,0.32426485,0.41869697,0.56107092,0.60600668
S07LSAT8_Vermiculite_GDS909_expandOre_ASDFRb_AREF.txt,impervious,0.24863449,0.32315639,0.38175371,0.44377002,0.53107482,0.60479313
S07LSAT8_Vermiculite_GDS910_expandOre_ASDFRb_AREF.txt,impervious,0.22036926,0.3093341,0.37092388,0.43664715,0.61427754,0.61031359
S07LSAT8_Vermiculite_GDS911_expandOre_ASDFRb_AREF.txt,impervious,0.18207541,0.2560702,0.3128038,0.38929883,0.58953685,0.66192323
S07LSAT8_Vermiculite_GDS912_expandOre_ASDFRb_AREF.txt,impervious,0.14741883,0.18449618,0.22014314,0.27670893,0.47273615,0.593207
S07LSAT8_Vermiculite_GDS913_expandOre_ASDFRb_AREF.txt,impervious,0.19006945,0.2494401,0.29912314,0.3711507,0.56750143,0.6226216
S07LSAT8_Vermiculite_GDS914_expandOre_ASDFRb_AREF.txt,impervious,0.1704174,0.22184332,0.26979661,0.33301032,0.5180338,0.6061877
S07LSAT8_Vermiculite_GDS915_expandOre_ASDFRb_AREF.txt,impervious,0.24296238,0.31678268,0.37324706,0.43412384,0.54452366,0.62266588
S07LSAT8_Vermiculite_GDS916_expandOre_ASDFRb_AREF.txt,impervious,0.24822864,0.33254129,0.39579481,0.47433734,0.60858762,0.66591781
S07LSAT8_Vermiculite_GDS917_expandOre_ASDFRb_AREF.txt,impervious,0.20298442,0.27622557,0.33664635,0.42246783,0.58657545,0.68854111
S07LSAT8_Vermiculite_GDS918_expandOre_ASDFRb_AREF.txt,impervious,0.28129381,0.36621201,0.42398277,0.47595155,0.64915639,0.65943378
S07LSAT8_Vermiculite_GDS919_expandOre_ASDFRb_AREF.txt,impervious,0.22973534,0.29887983,0.35207468,0.40671745,0.50835043,0.60384357
S07LSAT8_Vermiculite_GDS920_expandOre_ASDFRb_AREF.txt,impervious,0.23588873,0.30847901,0.36540323,0.42458552,0.5212453,0.59639961
S07LSAT8_Vermiculite_GDS921_expandOre_ASDFRb_AREF.txt,impervious,0.22943516,0.3001734,0.35405061,0.41222131,0.5158357,0.58692139
S07LSAT8_Vermiculite_GDS922_expandOre_ASDFRb_AREF.txt,impervious,0.21652801,0.29009339,0.349648,0.41299811,0.51404208,0.57224393
S07LSAT8_Vermiculite_GDS923_expandOre_ASDFRb_AREF.txt,impervious,0.19122469,0.24591571,0.29423797,0.3483122,0.44056514,0.50073403
S07LSAT8_Vermiculite_GDS924_expandOre_ASDFRb_AREF.txt,impervious,0.23738553,0.32352427,0.39641145,0.48410764,0.60127193,0.65078765
S07LSAT8_Vermiculite_GDS925_expandOre_ASDFRb_AREF.txt,impervious,0.21210735,0.28785947,0.35370022,0.43074164,0.53655273,0.59175241
S07LSAT8_Vermiculite_Li2UI_expand_Ore_ASDFRb_AREF.txt,impervious,0.2120873,0.2753717,0.31566057,0.36404654,0.51444012,0.57896036
S07LSAT8_Vermiculite+0wt%amph._GDS327_ASDFRb_AREF.txt,impervious,0.12144849,0.1689963,0.20607474,0.25420424,0.36627588,0.36968386
S07LSAT8_Vermiculite+1wt%amph._GDS451_ASDFRb_AREF.txt,impervious,0.15058002,0.20664378,0.24970242,0.30542144,0.44086811,0.44378003
S07LSAT8_Vermiculite+5wt%amph._GDS454_ASDFRb_AREF.txt,impervious,0.15480356,0.19886765,0.23025833,0.27179393,0.37895834,0.38082677
S07LSAT8_Vermillion_GDS779_ASDFRa_AREF.txt,impervious,0.019696267,0.03628419,0.32605761,0.36725637,0.44960457,0.51486367
S07LSAT8_Viridian_GDS800_ASDFRa_AREF.txt,impervious,0.12819839,0.069621004,0.028738998,0.47226241,0.48948696,0.4309552
S07LSAT8_Wood_Beam_GDS363_Nw_Pine_2X4_ASDFRa_AREF.txt,impervious,0.25579125,0.34359741,0.46782285,0.64272237,0.48602939,0.34005082
S07LSAT8_WTC_Dust_Debris_WTC01-2_ASDFRa_AREF.txt,impervious,0.15027007,0.17960601,0.20290363,0.21793263,0.24824022,0.25163436
S07LSAT8_WTC_Dust_Debris_WTC01-28_ASDFRa_AREF.txt,impervious,0.18395877,0.21728437,0.24340779,0.26681218,0.30267945,0.30138287
S07LSAT8_Yellow_ochre_GDS794_Germany_ASDFRa_AREF.txt,impervious,0.053923473,0.17645191,0.24501464,0.28552598,0.46097127,0.4025521
S07LSAT8_Ytterbium_Oxide_J.M._319_ASDFRa_AREF.txt,impervious,0.82660139,0.88374692,0.90621287,0.78396606,0.83676749,0.75090438
S07LSAT8_Yttrium_Oxide_5-9s_SPEX_ASDFRa_AREF.txt,impervious,0.82422185,0.84474015,0.85457766,0.86172819,0.83005047,0.79155231
S07LSAT8_Yttrium_Oxide_J.M._301_ASDFRa_AREF.txt,impervious,0.75329065,0.81264693,0.86075854,0.90175575,0.83169168,0.7076776
S07LSAT8_Zinc_oxide_GDS807_(ZnO)_ASDFRa_AREF.txt,impervious,0.75964248,0.77342558,0.7744903,0.77250266,0.73743099,0.70385104
S07LSAT8_Acid_Mine_Dr_Assemb1-Fe3+_ASDFRb_AREF.txt,soil,0.11540608,0.17674881,0.31647,0.38854498,0.60126275,0.50681335
S07LSAT8_Acid_Mine_Dr_Assemb2-Fe3+_ASDFRb_AREF.txt,soil,0.059746593,0.24394797,0.42851889,0.46536049,0.69647622,0.59810126
S07LSAT8_Actinolite_Dolomit_BR93-60B_BECKb_AREF.txt,soil,0.25097182,0.29691228,0.30834112,0.28529191,0.34675464,0.23891197
S07LSAT8_Actinolite-Hornfels_BR93-5a_BECKc_AREF.txt,soil,0.096862532,0.11680204,0.10667282,0.12209833,0.32366315,0.34693855
S07LSAT8_Actinolite-Tremolit_BR93-22C_BECKb_AREF.txt,soil,0.080248944,0.081667513,0.07341937,0.076475449,0.2004713,0.23493405
S07LSAT8_Alun.33+Kaol.33+Musc.33_AMX2_ASDNGa_AREF.txt,soil,0.61228633,0.69538683,0.76479489,0.80683404,0.76636088,0.49828461
S07LSAT8_Alun.33+Kaol.33+Musc.33_AMX2_BECKa_AREF.txt,soil,0.56234825,0.64783907,0.72151208,0.77401716,0.71353626,0.40029645
S07LSAT8_Alun_Na+Kaol+Hemat_MV00-11a_ASDFRc_AREF.txt,soil,0.17156491,0.21193787,0.35242248,0.39799559,0.67865837,0.41199377
S07LSAT8_Alun0.3+Musc0.4+Pyro0.3_AMX1_BECKa_AREF.txt,soil,0.59277362,0.60901189,0.64595497,0.66247243,0.74821502,0.59288055
S07LSAT8_Alun366+.50PyroPYS1A_GDS222_BECKb_AREF.txt,soil,0.63121301,0.71255231,0.77832723,0.86625201,0.86172992,0.49886891
S07LSAT8_Alunite.5+MuscCU91-250A_AMX4_ASDNGa_AREF.txt,soil,0.51936883,0.61911762,0.70473802,0.75022471,0.68514603,0.42039207
S07LSAT8_Alunite.5+MuscCU91-250A_AMX4_BECKa_AREF.txt,soil,0.44345292,0.53739041,0.62551683,0.68291557,0.58919489,0.28983533
S07LSAT8_Alunite_K_CU98-5C_MedTemp_ASDFRb_AREF.txt,soil,0.49163574,0.60791379,0.68784505,0.7377668,0.61898851,0.35537145
S07LSAT8_Alunite_K-Na_CU91-217H1_LowT_ASDFRb_AREF.txt,soil,0.33381245,0.39427257,0.44738647,0.48824748,0.43583265,0.14679042
S07LSAT8_Alunite_NH4+Jaro_NMNH145596A_ASDFRb_AREF.txt,soil,0.42397121,0.52512467,0.5722335,0.59702456,0.6350221,0.35274431
S07LSAT8_Alunite_NH4+Jaro_NMNH145596A_BECKb_AREF.txt,soil,0.54191887,0.65258932,0.70485228,0.73548454,0.77457583,0.49736464
S07LSAT8_Alunite+Dickite_MV99-6-26b_ASDFRc_AREF.txt,soil,0.42441434,0.51313174,0.62551349,0.66442245,0.69766933,0.42311034
S07LSAT8_Alunite+Pyrophyl_SD1093A_BECKb_AREF.txt,soil,0.080604345,0.1588511,0.19971734,0.2015729,0.31452543,0.22244824
S07LSAT8_Alunite0.35K+.65Na_CU91-217H_ASDFRb_AREF.txt,soil,0.33381245,0.39427257,0.44738647,0.48824748,0.43583265,0.14679042
S07LSAT8_Alunite0.5+Kaol_KGa-1_AMX3_ASDNGb_AREF.txt,soil,0.67533064,0.75569004,0.83988696,0.8857162,0.77168971,0.43562302
S07LSAT8_Alunite0.5+Kaol_KGa-1_AMX3_BECKb_AREF.txt,soil,0.66121435,0.75173235,0.84430915,0.90330905,0.77400333,0.40692279
S07LSAT8_Alunite-K_CU91-217G1_HiTemp_ASDFRb_AREF.txt,soil,0.37914914,0.44864351,0.48540688,0.51552534,0.49921727,0.25238577
S07LSAT8_Basalt_fresh_BR93-46B_BECKb_AREF.txt,soil,0.081375472,0.093717113,0.10768578,0.11076376,0.11424101,0.09824428
S07LSAT8_Basalt_weathered_BR93-43_BECKb_AREF.txt,soil,0.11201804,0.13144171,0.14591222,0.15867473,0.1824383,0.15210195
S07LSAT8_Beidellite+Montmor_GDS123_ASDFRb_AREF.txt,soil,0.57153887,0.62908554,0.67067385,0.71782392,0.64282334,0.44076115
S07LSAT8_Biotite-Chlorite_Mx_BR93-36A_BECKb_AREF.txt,soil,0.13972816,0.17283793,0.17104089,0.17275603,0.24379605,0.24812272
S07LSAT8_Blue_Efflorscnt_Min_SU93-300_BECKb_AREF.txt,soil,0.23969917,0.24064533,0.15681468,0.11242814,0.14766178,0.11593844
S07LSAT8_BurnArea_TopSurface_WRF00-02_ASDFRb_AREF.txt,soil,0.026150256,0.028593868,0.031527355,0.040716559,0.10655308,0.15615614
S07LSAT8_BurnArea_Traverse_WRF00-01_ASDFRb_AREF.txt,soil,0.028358433,0.033788264,0.040771067,0.059012957,0.1524972,0.20838912
S07LSAT8_Calc.25+Dolo.25+Ca-Mont_AMX7_ASDNGb_AREF.txt,soil,0.70445728,0.74132049,0.76520777,0.78009027,0.76631528,0.64430761
S07LSAT8_Calc.25+Dolo.25+Ca-Mont_AMX7_BECKb_AREF.txt,soil,0.71950781,0.75867456,0.78736925,0.81108278,0.77326214,0.62209702
S07LSAT8_Calc.25+Dolo.25+Na-Mon_AMX18_ASDNGb_AREF.txt,soil,0.70990485,0.75059527,0.76069337,0.77204144,0.79213065,0.69553292
S07LSAT8_Calc.25+Dolo.25+Na-Mon_AMX18_BECKb_AREF.txt,soil,0.71792173,0.75812858,0.76645815,0.78377819,0.79152387,0.67182815
S07LSAT8_Calcite.33+Ca-Mont.67_AMX19_ASDNGb_AREF.txt,soil,0.71340221,0.7604562,0.79188478,0.81422979,0.79661602,0.65851796
S07LSAT8_Calcite.33+Ca-Mont.67_AMX19_BECKb_AREF.txt,soil,0.72624522,0.77598715,0.81334686,0.8448025,0.80211318,0.63048303
S07LSAT8_Calcite.33+Epidote.67_GDS311_ASDFRa_AREF.txt,soil,0.18752339,0.29712215,0.31690624,0.45370832,0.6328693,0.65708309
S07LSAT8_Calcite.33+Na-Mont.67_AMX44_ASDNGb_AREF.txt,soil,0.72070217,0.77288473,0.78583556,0.80344391,0.83120865,0.7271598
S07LSAT8_Calcite.5+.Ca-Mont.5_AMX6_ASDNGb_AREF.txt,soil,0.76178557,0.80028135,0.82582581,0.84370309,0.83031189,0.71198624
S07LSAT8_Calcite.5+.Ca-Mont.5_AMX6_BECKb_AREF.txt,soil,0.777915,0.81747007,0.84645575,0.87355816,0.84118432,0.68398726
S07LSAT8_Calcite.5+.Na-Mont.5_AMX43_ASDNGb_AREF.txt,soil,0.76723313,0.80955642,0.82131147,0.83565408,0.85612732,0.76321119
S07LSAT8_Calcite.5+Dolomite.5_AMX8_ASDNGb_AREF.txt,soil,0.78943276,0.7994929,0.80441636,0.80316448,0.80142391,0.7338888
S07LSAT8_Calcite.5+Dolomite.5_AMX8_BECKb_AREF.txt,soil,0.8161096,0.8243283,0.82761002,0.83487439,0.82255334,0.72071934
S07LSAT8_Calcite.67+Epidote.33_GDS310_ASDFRa_AREF.txt,soil,0.30369818,0.41027874,0.42781577,0.54847354,0.69080764,0.6861065
S07LSAT8_Calcite.7+Kaolin-wxl.3_AMX9_ASDNGa_AREF.txt,soil,0.87786514,0.90288955,0.92038214,0.93462366,0.93619579,0.80922234
S07LSAT8_Calcite.7+Kaolin-wxl.3_AMX9_BECKa_AREF.txt,soil,0.89308882,0.91996413,0.93609869,0.95874363,0.95954365,0.77751487
S07LSAT8_Calcite.8+Ca-Montmor.2_AMX15_BECKb_AREF.txt,soil,0.74173898,0.79497409,0.83163768,0.87383139,0.84434289,0.68642825
S07LSAT8_Calcite.80+Mont_Swy-1_GDS212_ASDNGa_AREF.txt,soil,0.73361629,0.78508794,0.79739815,0.82090271,0.84897071,0.7848683
S07LSAT8_Calcite.80wt+Kaol_CM9_GDS213_ASDNGa_AREF.txt,soil,0.84899116,0.8777793,0.88677377,0.89990234,0.92266345,0.76822054
S07LSAT8_Calcite+.33Muscov_AMX5_Ruby_BECKa_AREF.txt,soil,0.84000987,0.85203111,0.88080972,0.89927113,0.93599826,0.78612965
S07LSAT8_Calcite+Talc_PC99-1G_ASDFRc_AREF.txt,soil,0.38403252,0.38943747,0.38087898,0.35941663,0.36514542,0.26518652
S07LSAT8_Chabazite+Thom+Wair_HS193.3B_ASDFRb_AREF.txt,soil,0.57057077,0.61874545,0.65761191,0.69633079,0.51117796,0.37095407
S07LSAT8_Chabazite+Thom+Wair_HS193.3B_BECKb_AREF.txt,soil,0.55391806,0.60694766,0.65093261,0.69212991,0.49067298,0.33669382
S07LSAT8_Chl.33+Epid.33+Cal.33_GDS319_ASDFRa_AREF.txt,soil,0.15358999,0.18637119,0.16224149,0.17072451,0.37569568,0.51458555
S07LSAT8_Chlor.2+Epid.2+Calc.6_GDS314_ASDFRa_AREF.txt,soil,0.21900573,0.25029159,0.22421169,0.23107055,0.4276534,0.55085039
S07LSAT8_Chlor.2+Epid.6+Calc.2_GDS312_ASDFRa_AREF.txt,soil,0.13076977,0.17951833,0.16456683,0.1893691,0.38908067,0.50847107
S07LSAT8_Chlor.6+Epid.2+Calc.2_GDS313_ASDFRa_AREF.txt,soil,0.12668842,0.14308162,0.11723363,0.11557246,0.29374921,0.44115946
S07LSAT8_Chlor+Goethite_CU93-4B_Phyl_BECKa_AREF.txt,soil,0.24776877,0.27714294,0.26383188,0.23047976,0.24663521,0.18589929
S07LSAT8_Chlorit.33+Calcite.67_GDS315_ASDFRa_AREF.txt,soil,0.2030385,0.21396075,0.18330079,0.17795257,0.35686624,0.48674962
S07LSAT8_Chlorite.33+Epidot.67_GDS318_ASDFRa_AREF.txt,soil,0.10365156,0.14141938,0.12213425,0.13699207,0.33554527,0.46164492
S07LSAT8_Chlorite.67+Calcit.33_GDS316_ASDFRa_AREF.txt,soil,0.12391645,0.13499914,0.10861992,0.10437933,0.27508655,0.40487868
S07LSAT8_Chlorite.67+Epidot.33_GDS317_ASDFRa_AREF.txt,soil,0.11270932,0.13305593,0.10742729,0.10861905,0.29847893,0.44165993
S07LSAT8_Chlorite_Phyllite_CU91-238A_BECKb_AREF.txt,soil,0.10003389,0.1310951,0.14819035,0.13548411,0.13130765,0.12897268
S07LSAT8_Chlorite_Serpentine_BR93-22B_BECKb_AREF.txt,soil,0.16934554,0.20774569,0.20429915,0.25392443,0.44865042,0.38338727
S07LSAT8_Chlorite+Muscovite_CU93-65A_ASDNGa_AREF.txt,soil,0.14967817,0.17557536,0.15933707,0.1452675,0.27094477,0.23630947
S07LSAT8_Chlorite+Muscovite_CU93-65A_BECKa_AREF.txt,soil,0.098256499,0.12696181,0.11578516,0.11210484,0.24046582,0.19886827
S07LSAT8_ClinozoisiteEpidote_HS299.1B_ASDFRb_AREF.txt,soil,0.50472623,0.58223087,0.69941622,0.73369205,0.83934897,0.83479261
S07LSAT8_ClinozoisiteEpidote_HS299.2B_ASDFRb_AREF.txt,soil,0.33280632,0.39469314,0.53033757,0.56428301,0.72958738,0.73186803
S07LSAT8_ClinozoisiteEpidote_HS299.2B_BECKb_AREF.txt,soil,0.34687382,0.40878069,0.54419321,0.58363861,0.72376287,0.72210389
S07LSAT8_ClinozoisiteEpidote_HS299.4B_ASDFRb_AREF.txt,soil,0.1102047,0.13390316,0.26325202,0.23787118,0.49510112,0.44338185
S07LSAT8_ClinozoisiteEpidote_HS299.6_ASDFRb_AREF.txt,soil,0.14271046,0.14361718,0.25425282,0.19636357,0.37961471,0.29996836
S07LSAT8_Cordierite-QtzMus_HS346.1B_ASDFRc_AREF.txt,soil,0.27777457,0.29880929,0.32659462,0.35473993,0.31826919,0.31835124
S07LSAT8_Cordierite-QtzMus_HS346.2B_ASDFRc_AREF.txt,soil,0.38812438,0.42314795,0.4486402,0.4492639,0.46645448,0.42910457
S07LSAT8_Cordierite-QtzMus_HS346.3B_ASDFRc_AREF.txt,soil,0.29283684,0.31709212,0.33224735,0.32006511,0.34773672,0.29566571
S07LSAT8_Cordierite-QtzMus_HS346.3B_BECKc_AREF.txt,soil,0.2655856,0.2899819,0.30584201,0.30210125,0.30652955,0.2524595
S07LSAT8_Cordierite-QtzMus_HS346.4B_ASDFRc_AREF.txt,soil,0.15303734,0.16716698,0.1752888,0.14625396,0.17696318,0.11233141
S07LSAT8_Covellite-Pyrite_HS477.2B_ASDNGb_AREF.txt,soil,0.034057703,0.036098227,0.041013371,0.054727212,0.067689471,0.069056496
S07LSAT8_Covellite-Pyrite_HS477.2B_BECKb_AREF.txt,soil,0.024012437,0.025663864,0.030271789,0.045524295,0.050345793,0.050306726
S07LSAT8_Covellite-Pyrite_HS477.4B_ASDFRb_AREF.txt,soil,0.043022629,0.042830825,0.051723387,0.10405722,0.13877907,0.15204079
S07LSAT8_Covellite-Pyrite_HS477.6_ASDFRb_AREF.txt,soil,0.080030076,0.066322364,0.066095777,0.22077891,0.31830537,0.37903151
S07LSAT8_Dic.4+msc.3+gyp.2+jr.1_AMX20_BECKa_AREF.txt,soil,0.68572718,0.74035555,0.80086869,0.80596417,0.82019782,0.47561616
S07LSAT8_Dolomit+Calcite+Talc_PC99-1E_ASDFRc_AREF.txt,soil,0.33331069,0.35494143,0.36401549,0.35985351,0.34291556,0.28165019
S07LSAT8_Dolomite.5+Ca-Mont.5_AMX10_ASDNGb_AREF.txt,soil,0.64712888,0.68235958,0.70458931,0.71647745,0.70231909,0.57662988
S07LSAT8_Dolomite.5+Ca-Mont.5_AMX10_BECKb_AREF.txt,soil,0.66110033,0.69987959,0.72828299,0.74860764,0.70533985,0.56020755
S07LSAT8_Dolomite.5+Na-Mont.5_AMX21_ASDNGb_AREF.txt,soil,0.65257668,0.69163465,0.70007503,0.7084285,0.72813398,0.62785459
S07LSAT8_Dolomite.5+Na-Mont.5_AMX21_BECKb_AREF.txt,soil,0.65951437,0.69933349,0.70737153,0.72130311,0.72360218,0.6099382
S07LSAT8_Erionite+Merlinoite_GDS144_BECKc_AREF.txt,soil,0.17860691,0.46162432,0.61551726,0.65019673,0.77140421,0.58455241
S07LSAT8_Erionite+Offretite_GDS72_BECKb_AREF.txt,soil,0.71889198,0.85599148,0.89928901,0.93613315,0.81497473,0.67387497
S07LSAT8_Fe-Hydroxide_SU93-106_amorph_BECKb_AREF.txt,soil,0.041144196,0.09312728,0.18181625,0.1979472,0.19357111,0.16683057
S07LSAT8_Goeth+qtz.5+Jarosite.5_AMX11_BECKb_AREF.txt,soil,0.32564047,0.52378237,0.65068132,0.57227886,0.82238948,0.68770295
S07LSAT8_Goethite_Phyllite_CU91-236A_ASDFRb_AREF.txt,soil,0.19114053,0.34055325,0.40175611,0.40112057,0.73978078,0.58366734
S07LSAT8_Goethite0.02+Quartz_GDS240_BECKa_AREF.txt,soil,0.36032403,0.55394715,0.64980459,0.68721867,0.85081911,0.85520184
S07LSAT8_Gyp.3+jr.1+msc.4+dic.2_AMX22_BECKa_AREF.txt,soil,0.70216429,0.74676514,0.80583286,0.80565405,0.80339932,0.49314511
S07LSAT8_Gyp.4+jr20+msc.2+dic.2_AMX23_BECKa_AREF.txt,soil,0.69102728,0.75359684,0.8133685,0.78835016,0.76995593,0.44227681
S07LSAT8_Gyp.5+Kjar.3+hAlmsc.2_AMX24_BECKa_AREF.txt,soil,0.67114145,0.74214232,0.8084023,0.75614518,0.74343306,0.44488707
S07LSAT8_Gyp+jar+ill_BRCM1_Marysvale_ASDFRb_AREF.txt,soil,0.24581617,0.40682408,0.48957208,0.43933529,0.63161582,0.42111987
S07LSAT8_Halloysite_CU91-242D_ASDFRb_AREF.txt,soil,0.45203665,0.51706719,0.55942494,0.56293827,0.61511123,0.47634026
S07LSAT8_Halloysite+Kaolinite_CM29_BECKa_AREF.txt,soil,0.74325788,0.8277241,0.85964626,0.8743093,0.83079463,0.39834732
S07LSAT8_Hematite.02+Quartz.98_GDS76_BECKa_AREF.txt,soil,0.24345325,0.31641346,0.60196978,0.66912138,0.91802824,0.91860676
S07LSAT8_Hematitic_Alt._Tuff_CU91-223_ASDFRb_AREF.txt,soil,0.06301114,0.10751456,0.24934606,0.27080506,0.60158575,0.39727658
S07LSAT8_Hydrated_Volc_Tuff_CU01-4A_ASDFRc_AREF.txt,soil,0.29429978,0.35320202,0.38807532,0.42002401,0.40758222,0.31175667
S07LSAT8_Illite_CU00-5B_Hi-Al+Quartz_ASDFRa_AREF.txt,soil,0.42437178,0.44129384,0.44507876,0.45395392,0.42441875,0.20913637
S07LSAT8_Jarosite_Rhyolite_CU91-20A_BECKa_AREF.txt,soil,0.27158061,0.32834372,0.30920252,0.2200198,0.67480421,0.64450485
S07LSAT8_Kalun+kaol+gth_mv2-ar3_ASDFRb_AREF.txt,soil,0.18298033,0.2707133,0.43484312,0.52037323,0.65333158,0.27704158
S07LSAT8_Kaol.5+MuscCU91-250A_AMX13_ASDNGb_AREF.txt,soil,0.66071421,0.73242456,0.77293521,0.80901098,0.86546975,0.65393776
S07LSAT8_Kaol.5+MuscCU91-250A_AMX13_BECKb_AREF.txt,soil,0.58237743,0.65439427,0.69471073,0.73582673,0.77741039,0.50413096
S07LSAT8_Kaol_Wxl+0.5Musc_Ruby_AMX12_ASDNGa_AREF.txt,soil,0.70868659,0.73794854,0.77548802,0.79137391,0.85071564,0.55588967
S07LSAT8_Kaol_Wxl+0.5Musc_Ruby_AMX12_BECKa_AREF.txt,soil,0.68326789,0.71472543,0.75972456,0.78462714,0.84212625,0.53825659
S07LSAT8_Kaol_wxl+others_CU00-19A_ASDFRb_AREF.txt,soil,0.24069214,0.30188444,0.36974224,0.3997384,0.4550848,0.31341267
S07LSAT8_Kaol_wxl+others_CU91-200A_ASDFRb_AREF.txt,soil,0.50340563,0.5749107,0.64915228,0.71087867,0.73311067,0.57025063
S07LSAT8_Kaol+Muscov_intimate_CU93-5C_ASDNGa_AREF.txt,soil,0.4525432,0.53874457,0.57216942,0.60972512,0.62101531,0.4759309
S07LSAT8_Kaol+Muscov_intimate_CU93-5C_BECKa_AREF.txt,soil,0.25311363,0.38255504,0.44584295,0.49612346,0.51200235,0.38691035
S07LSAT8_Kaolin_Smect_H89-FR-2_.5Kaol_BECKb_AREF.txt,soil,0.33801448,0.40865731,0.45185721,0.5196988,0.56283861,0.45314023
S07LSAT8_Kaolin_Smect_H89-FR-5_.3Kaol_BECKb_AREF.txt,soil,0.31965354,0.40161294,0.48342171,0.57267898,0.69569582,0.52548051
S07LSAT8_Kaolin_Smect_KLF506_.95Kaol_BECKb_AREF.txt,soil,0.3780227,0.43722504,0.52424747,0.59101498,0.73083711,0.59383368
S07LSAT8_Kaolin_Smect_KLF508_.85Kaol_BECKb_AREF.txt,soil,0.18798086,0.21698368,0.28566939,0.37904283,0.62045944,0.45573506
S07LSAT8_Kaolin-Smect_KLF511_.12Kaol_BECKb_AREF.txt,soil,0.34631687,0.50961214,0.57856429,0.64685649,0.70366853,0.57468218
S07LSAT8_Kaolwxl.75+Alun_HS295_AMX14_ASDNGb_AREF.txt,soil,0.65056592,0.71177375,0.75239283,0.77500081,0.73242056,0.33726656
S07LSAT8_Kaolwxl.75+Alun_HS295_AMX14_BECKb_AREF.txt,soil,0.66538972,0.72985423,0.77843636,0.81446028,0.74143869,0.3508755
S07LSAT8_Limestone_CU02-11A_ASDFRa_AREF.txt,soil,0.1673394,0.19435741,0.21431874,0.2476559,0.32578474,0.32451928
S07LSAT8_Magnesite+Hydromag_HS47.1B_ASDFRa_AREF.txt,soil,0.8978256,0.91342658,0.93949002,0.95550197,0.91507578,0.85475552
S07LSAT8_Magnesite+Hydromag_HS47.2B_ASDFRa_AREF.txt,soil,0.76651967,0.81322712,0.83363593,0.85253447,0.81387216,0.73391956
S07LSAT8_Magnesite+Hydromag_HS47.3B_ASDFRa_AREF.txt,soil,0.78111815,0.83562106,0.86020911,0.8887428,0.80162209,0.67930722
S07LSAT8_Magnesite+Hydromag_HS47.3B_BECKa_AREF.txt,soil,0.87342489,0.92862082,0.94687825,0.98300636,0.8855018,0.74241626
S07LSAT8_Magnesite+Hydromag_HS47.4B_ASDFRa_AREF.txt,soil,0.75749195,0.81892103,0.84659946,0.89111817,0.74436861,0.57356203
S07LSAT8_Magnetite_skarn_BR93-5B_BECKb_AREF.txt,soil,0.096395098,0.11732505,0.12267146,0.10595334,0.10000499,0.091707557
S07LSAT8_Mesolite+Hydroxyapop_GDS6_BECKb_AREF.txt,soil,0.84050387,0.86498898,0.87646365,0.88536805,0.6351192,0.45935044
S07LSAT8_Microcline+others_HS107.3B_BECKa_AREF.txt,soil,0.61248922,0.65155494,0.69247121,0.72412765,0.73876572,0.62670457
S07LSAT8_Montmorillonite+Illite_CM37_BECKb_AREF.txt,soil,0.30366072,0.47938102,0.55619508,0.61542964,0.73164839,0.59691238
S07LSAT8_Montmorillonite+Illite_CM42_BECKb_AREF.txt,soil,0.35951072,0.56612259,0.65626246,0.68782312,0.75593144,0.55053997
S07LSAT8_Montmorillonite-Na_CU93-52A_BECKc_AREF.txt,soil,0.25230163,0.36721215,0.45658687,0.50282139,0.52833557,0.46519655
S07LSAT8_Mordenite+Clinopt._GDS151_BECKa_AREF.txt,soil,0.59079617,0.73490757,0.79035866,0.83045429,0.79828912,0.67017561
S07LSAT8_Muscov+Jaros_CU93-314_coatng_ASDNGb_AREF.txt,soil,0.30048165,0.42823967,0.51682967,0.44700521,0.65155679,0.43137935
S07LSAT8_Muscov+Jaros_CU93-314_coatng_BECKb_AREF.txt,soil,0.32576746,0.43323886,0.50030297,0.4581407,0.6084308,0.41756773
S07LSAT8_Muscovite+Pyrophyl_JH_PYRP1_ASDFRb_AREF.txt,soil,0.36638948,0.44092593,0.45247996,0.49062148,0.55543363,0.4190613
S07LSAT8_Muscovite-low-Al_CU98-8H_ASDFRb_AREF.txt,soil,0.18443331,0.34971413,0.41569483,0.44113627,0.56440544,0.45912454
S07LSAT8_Muscovite-medhi-Al_CU91-252D_ASDFRc_AREF.txt,soil,0.12288262,0.19791408,0.22840682,0.22202106,0.34177634,0.24393374
S07LSAT8_Muscovite-medhi-Al_CU91-252D_ASDNGc_AREF.txt,soil,0.34295306,0.5485934,0.60871178,0.63061106,0.80833334,0.74512982
S07LSAT8_Muscovite-medlowAl_CU91-250A_ASDFRb_AREF.txt,soil,0.28495017,0.36085397,0.39289549,0.4057706,0.51448387,0.35412174
S07LSAT8_Muscovite-medlowAl_CU91-250A_ASDNGb_AREF.txt,soil,0.50475228,0.59585238,0.63778657,0.67351943,0.77892596,0.6387071
S07LSAT8_Natrolite+Zeolite_HS168.1B_ASDFRb_AREF.txt,soil,0.82917798,0.8835417,0.91546404,0.94157612,0.90548563,0.8477813
S07LSAT8_Natrolite+Zeolite_HS168.2B_ASDFRb_AREF.txt,soil,0.76526666,0.81640399,0.84608638,0.87927067,0.79730445,0.70371062
S07LSAT8_Natrolite+Zeolite_HS168.3B_ASDFRb_AREF.txt,soil,0.70083714,0.74034405,0.76476806,0.79746974,0.61199552,0.46314943
S07LSAT8_Natrolite+Zeolite_HS168.4B_ASDFRb_AREF.txt,soil,0.68022627,0.69243681,0.69594026,0.78277868,0.48562711,0.29680645
S07LSAT8_Nontronite+others_CU00-13A_ASDFRb_AREF.txt,soil,0.22319874,0.28245661,0.30650404,0.31322211,0.30192524,0.28139994
S07LSAT8_Opalized_Tuff_CU00-15E_ASDFRb_AREF.txt,soil,0.67378008,0.78793955,0.86954546,0.90210027,0.89044476,0.76567024
S07LSAT8_Phlogopite_Sand_Mix_BR93-20_BECKa_AREF.txt,soil,0.075362816,0.11457865,0.14521442,0.19329883,0.32634333,0.35851949
S07LSAT8_Pyrite_LV95-6A_Weath_on_Tail_BECKb_AREF.txt,soil,0.083442077,0.10555627,0.11397818,0.10341405,0.091742441,0.080025636
S07LSAT8_Pyrophyl.25+wxlKaol.75_AMX17_ASDNGb_AREF.txt,soil,0.59619325,0.65395701,0.70120186,0.77451485,0.8048237,0.5634464
S07LSAT8_Pyrophyl.25+wxlKaol.75_AMX17_BECKb_AREF.txt,soil,0.71743178,0.75856924,0.77169591,0.79305816,0.79822123,0.4601264
S07LSAT8_Pyrophyl.50+Ca-Mont.50_AMX16_ASDNGa_AREF.txt,soil,0.59619325,0.65395701,0.70120186,0.77451485,0.8048237,0.5634464
S07LSAT8_Pyrophyl.50+Ca-Mont.50_AMX16_BECKa_AREF.txt,soil,0.59185022,0.66237807,0.71486157,0.78828341,0.76911539,0.5375362
S07LSAT8_Pyrophyl+Muscovite_JH_PYRM1_ASDFRb_AREF.txt,soil,0.23922542,0.29195553,0.3264595,0.36071327,0.39315733,0.25629491
S07LSAT8_Pyroxene_Basalt_CU01-20A_ASDFRa_AREF.txt,soil,0.13548806,0.16067033,0.17312367,0.1837061,0.22730306,0.20248768
S07LSAT8_Sand_DWO-3-DEL2a_no_vis.oil_ASDFRa_AREF.txt,soil,0.10988571,0.15219665,0.18965524,0.28634539,0.37067741,0.30163252
S07LSAT8_Sand_DWO-3-DEL2ar1_no_oil_ASDFRa_AREF.txt,soil,0.17398432,0.22485846,0.25482869,0.29410434,0.38596284,0.37832987
S07LSAT8_Sand_DWO-3-DEL2ar2_wet_noOil_ASDFRa_AREF.txt,soil,0.096999332,0.11771663,0.12935066,0.14390202,0.16110602,0.12227582
S07LSAT8_Sand_DWO-3-DEL2b_wet_no_oil_ASDFRa_AREF.txt,soil,0.084410705,0.12559624,0.14171775,0.29313475,0.29626337,0.22102363
S07LSAT8_Sand_DWO-3-DEL2c_no_vis.oil_ASDFRa_AREF.txt,soil,0.10795159,0.1493018,0.17543623,0.22547671,0.29182321,0.26928908
S07LSAT8_Sand_DWO-3-DEL2d_wet_no_oil_ASDFRa_AREF.txt,soil,0.069526479,0.093508027,0.1094389,0.14783412,0.16220371,0.11148315
S07LSAT8_Sand_GrndIsle1_no_oil_ASDFRa_AREF.txt,soil,0.19957153,0.2493995,0.2714496,0.30610633,0.42409694,0.44652107
S07LSAT8_Sand_GrndIsle2_no_visibl_oil_ASDFRa_AREF.txt,soil,0.10970923,0.14811864,0.16473541,0.18978114,0.28472364,0.27098995
S07LSAT8_Sanidine+albite_NMNH103200_BECKc_AREF.txt,soil,0.62636369,0.66027874,0.678002,0.68980259,0.73497897,0.74878287
S07LSAT8_Stonewall_Playa_CU93-52A_a11_BECKa_AREF.txt,soil,0.25230163,0.36721215,0.45658687,0.50282139,0.52833557,0.46519655
S07LSAT8_Stonewall_Playa_Dry_Mud_2001_ASDFRa_AREF.txt,soil,0.26855063,0.38337842,0.48054034,0.53142494,0.55902225,0.50243711
S07LSAT8_Talc+Clinochlore_HS327.3B_ASDFRa_AREF.txt,soil,0.31332979,0.33892885,0.3051208,0.28654382,0.52065188,0.47771493
S07LSAT8_Talc+Clinochlore_HS327.3B_BECKa_AREF.txt,soil,0.37143472,0.40101454,0.36534613,0.35443938,0.60835576,0.55134457
S07LSAT8_Teepleite+Trona_NMNH102798_BECKa_AREF.txt,soil,0.53977573,0.65046453,0.72043729,0.7754885,0.42781296,0.16449565
S07LSAT8_White_Crust_LV30_starkeyite_ASDFRc_AREF.txt,soil,0.26969466,0.33124387,0.3819713,0.45677155,0.26069978,0.20175239
S07LSAT8_Xenotime+Monazite_REE_WS384_ASDFRa_AREF.txt,soil,0.085458107,0.11414881,0.117717,0.20235477,0.2001947,0.2139743
S07LSAT8_Zincite+Franklin_HS147.1B_ASDFRb_AREF.txt,soil,0.052294221,0.10482734,0.1731915,0.28504717,0.53924787,0.65455908
S07LSAT8_Zincite+Franklin_HS147.2B_ASDFRb_AREF.txt,soil,0.062478382,0.095321618,0.16503888,0.2164046,0.5041973,0.57079881
S07LSAT8_Zincite+Franklin_HS147.3B_ASDFRb_AREF.txt,soil,0.058536656,0.068558685,0.1250601,0.16541237,0.30147752,0.35018039
S07LSAT8_Zincite+Franklin_HS147.3B_BECKb_AREF.txt,soil,0.053160977,0.063437663,0.11256772,0.15246874,0.26378679,0.32424721
S07LSAT8_Zincite+Franklin_HS147.4B_ASDFRb_AREF.txt,soil,0.067448772,0.076234601,0.11272878,0.15254453,0.21814772,0.24613072
S07LSAT8_Antigorite+.2DryGrass_AMX26_ASDFRa_AREF.txt,vegetation,0.15852934,0.17006697,0.17133278,0.16951427,0.13887081,0.10161433
S07LSAT8_Antigorite+.33DryGrass_AMX25_ASDFRa_AREF.txt,vegetation,0.15119496,0.1701026,0.18074267,0.19378743,0.17068596,0.12352437
S07LSAT8_Aspen_Aspen-1_green-top_ASDFRa_AREF.txt,vegetation,0.059768006,0.11029526,0.060380742,0.47502038,0.30121908,0.15618187
S07LSAT8_Aspen_Aspen-2_green-bottom_ASDFRa_AREF.txt,vegetation,0.17615831,0.26779491,0.19225797,0.51602751,0.3890855,0.27268344
S07LSAT8_Aspen_Aspen-3_yellowGreenTop_ASDFRa_AREF.txt,vegetation,0.07491447,0.32466099,0.2267611,0.52518761,0.35796782,0.20638874
S07LSAT8_Aspen_Aspen-4_yellow-top_ASDFRa_AREF.txt,vegetation,0.071203381,0.40081471,0.42668754,0.47720566,0.32191446,0.17821792
S07LSAT8_Aspen_Leaf-A_DW92-2_BECKa_AREF.txt,vegetation,0.038931504,0.075523995,0.039218422,0.46050775,0.25362343,0.11275722
S07LSAT8_Aspen_Leaf-B_DW92-3_BECKa_AREF.txt,vegetation,0.036666207,0.066318624,0.034292974,0.47379926,0.26099664,0.11562204
S07LSAT8_Aspen_YNP-AS-1_forest_AVIRISb_RTGC.txt,vegetation,0.026188346,0.045109384,0.031289387,0.31865945,0.13551398,0.063069232
S07LSAT8_Bacterial_mat_YNP-B1_AVIRISb_RTGC.txt,vegetation,0.031189863,0.081999972,0.088519111,0.23449458,0.034789622,0.016016949
S07LSAT8_Blackbrush_ANP92-9A_leaves_BECKa_AREF.txt,vegetation,0.043577053,0.078681976,0.051654365,0.52931827,0.16088133,0.06793344
S07LSAT8_Blue_Spruce_DW92-5_needles_BECKa_AREF.txt,vegetation,0.083609164,0.10367694,0.065561652,0.39777789,0.095653512,0.035011251
S07LSAT8_Buckbrush_CA01-CECU-1_bush_1_ASDFRa_AREF.txt,vegetation,0.043939926,0.057455506,0.067499138,0.17753693,0.1694905,0.10892041
S07LSAT8_Buckbrush_CA01-CECU-2_bush_2_ASDFRa_AREF.txt,vegetation,0.043518819,0.059453834,0.065068416,0.20434804,0.16996181,0.10611351
S07LSAT8_Buckbrush_CA01-CECU-3_bush_3_ASDFRa_AREF.txt,vegetation,0.061167203,0.075986326,0.084799819,0.17994945,0.20311527,0.14146702
S07LSAT8_Cactus_Opuntia-1_purple_pad_ASDFRa_AREF.txt,vegetation,0.18571849,0.1629428,0.30147025,1.0360571,0.18955903,0.089508295
S07LSAT8_Cattail_YNP-CT-1_AVIRISb_RTGC.txt,vegetation,0.028912732,0.047103301,0.039262209,0.26023635,0.13189599,0.07216002
S07LSAT8_Chamise_CA01-ADFA-1_bush_1_ASDFRa_AREF.txt,vegetation,0.024383303,0.04620355,0.064141117,0.27100396,0.18169159,0.093307056
S07LSAT8_Chamise_CA01-ADFA-2_bush_2_ASDFRa_AREF.txt,vegetation,0.019554526,0.03780042,0.046796512,0.23689754,0.16143435,0.081146754
S07LSAT8_Cheatgrass_ANP92-11A_BECKa_AREF.txt,vegetation,0.063451558,0.089667633,0.14481317,0.33819094,0.33156845,0.22529307
S07LSAT8_Cheatgrass_ANPC1_field_calib_ASDFRa_AREF.txt,vegetation,0.078240663,0.10521982,0.13885181,0.21016465,0.316432,0.29226196
S07LSAT8_Conifer-Meadow-Mix_YNP-CM-1_AVIRISb_RTGC.txt,vegetation,0.00975234,0.027918715,0.020481693,0.22738723,0.1064951,0.053858154
S07LSAT8_D.spicata_DWV6-0511_dryNPV.a_ASDFRa_AREF.txt,vegetation,0.1937528,0.24432163,0.31562468,0.49221447,0.54595965,0.37829378
S07LSAT8_Douglas-Fir_YNP-DF-1_forest_AVIRISb_RTGC.txt,vegetation,0.012283494,0.021876834,0.017211426,0.1332743,0.05928506,0.031065322
S07LSAT8_Douglas-Fir_YNP-DF-2_forest_AVIRISb_RTGC.txt,vegetation,0.02038594,0.033002019,0.025296943,0.21491951,0.092226088,0.047380831
S07LSAT8_Douglas-Fir_YNP-DF-3_forest_AVIRISb_RTGC.txt,vegetation,0.030840607,0.042650107,0.030974044,0.22966509,0.10452412,0.05356618
S07LSAT8_Engelmann-Spruce_ES-Needls-1_ASDFRa_AREF.txt,vegetation,0.059940282,0.10994694,0.060012832,0.64240706,0.18622541,0.067643255
S07LSAT8_Espruce-Sfir_YNP-SF-1_forst_AVIRISb_RTGC.txt,vegetation,0.014433717,0.02351618,0.019554529,0.13425547,0.074170344,0.041483145
S07LSAT8_Espruce-Sfir_YNP-SF-2_forst_AVIRISb_RTGC.txt,vegetation,0.016254207,0.028015761,0.021371134,0.15027033,0.078139693,0.043145236
S07LSAT8_Espruce-Sfir_YNP-SF-3_forst_AVIRISb_RTGC.txt,vegetation,0.011812837,0.020291192,0.01706161,0.1179127,0.062465448,0.03409192
S07LSAT8_Espruce-Sfir_YNP-SF-4_forst_AVIRISb_RTGC.txt,vegetation,0.019704252,0.029077644,0.023262,0.16322184,0.08036644,0.042116418
S07LSAT8_Espruce-Sfir_YNP-SF-5_forst_AVIRISb_RTGC.txt,vegetation,0.02014067,0.032387726,0.024014158,0.19126239,0.098010674,0.052307226
S07LSAT8_Flower_Geranium-1_Red-Orange_ASDFRa_AREF.txt,vegetation,0.012379003,0.050189704,0.5998258,0.79534703,0.51519227,0.29251903
S07LSAT8_Flower_Pansy-1_Yellow_ASDFRa_AREF.txt,vegetation,0.031332135,0.52827895,0.56512719,0.78634906,0.41998273,0.21331854
S07LSAT8_Flower_Petunia-1_Pink_ASDFRa_AREF.txt,vegetation,0.038584992,0.020252949,0.35558751,0.57078415,0.31700075,0.19409889
S07LSAT8_Flower_Petunia-2_Purple_ASDFRa_AREF.txt,vegetation,0.05236179,0.011199486,0.087570347,0.64903921,0.35903618,0.20658836
S07LSAT8_Flower_Petunia-3_White_ASDFRa_AREF.txt,vegetation,0.48939517,0.53520817,0.50534052,0.73767561,0.45898822,0.30544546
S07LSAT8_Flower_Platycodon-1_Purple_ASDFRa_AREF.txt,vegetation,0.14250374,0.10602465,0.2325854,0.83443773,0.35334551,0.15385443
S07LSAT8_Flower_Platycodon-2_White_ASDFRa_AREF.txt,vegetation,0.3844662,0.4681761,0.44896221,0.76400846,0.39288437,0.22959027
S07LSAT8_Grass_AETR70_CA01-AETR-2_NPV_ASDFRa_AREF.txt,vegetation,0.09063457,0.12459529,0.1597335,0.21551271,0.28913403,0.20671907
S07LSAT8_Grass_AETR95_CA01-AETR-1_NPV_ASDFRa_AREF.txt,vegetation,0.063772701,0.098796025,0.14091559,0.20777136,0.28674468,0.17261139
S07LSAT8_Grass_CA01-TACA-1_meadow_NPV_ASDFRa_AREF.txt,vegetation,0.096681252,0.16798982,0.25580519,0.38197434,0.39220351,0.23252854
S07LSAT8_Grass_dry.4+.6green_AMX27_BECKa_AREF.txt,vegetation,0.092353933,0.14953016,0.14839232,0.56554508,0.30735067,0.17618422
S07LSAT8_Grass_dry.5+.5green_AMX28_BECKa_AREF.txt,vegetation,0.1058886,0.16536224,0.17444624,0.53077978,0.30572855,0.18168846
S07LSAT8_Grass_dry.6+.4green_AMX29_BECKa_AREF.txt,vegetation,0.11942328,0.18119441,0.20050022,0.4960143,0.3041065,0.1871929
S07LSAT8_Grass_dry.7+.3green_AMX30_BECKa_AREF.txt,vegetation,0.13295794,0.19702658,0.22655417,0.46124905,0.30248463,0.19269726
S07LSAT8_Grass_dry.8+.2green_AMX31_BECKa_AREF.txt,vegetation,0.14649265,0.21285872,0.25260818,0.42648354,0.30086243,0.19820155
S07LSAT8_Grass_dry.83+.17NaMont_AMX35_BECKb_AREF.txt,vegetation,0.15618388,0.19006461,0.23824736,0.4039526,0.40307054,0.29158023
S07LSAT8_Grass_dry.9+.1green_AMX32_BECKa_AREF.txt,vegetation,0.16002728,0.22869089,0.27866212,0.39171812,0.29924041,0.20370595
S07LSAT8_Grass_Golden_Dry_GDS480_ASDFRa_AREF.txt,vegetation,0.11452294,0.17028055,0.22779219,0.31515309,0.32976162,0.23307432
S07LSAT8_Grass-FescueNeedlg_YNP-FN-1_AVIRISb_RTGC.txt,vegetation,0.061744545,0.088894859,0.10500447,0.27936009,0.31872258,0.20955764
S07LSAT8_Grass-FescueWheatg_YNP-FW-1_AVIRISb_RTGC.txt,vegetation,0.025991039,0.055350319,0.050680067,0.32373443,0.21503744,0.11746967
S07LSAT8_Grass-FescueWheatg_YNP-FW-2_AVIRISb_RTGC.txt,vegetation,0.048032276,0.072813779,0.090935916,0.23215306,0.2625629,0.17772727
S07LSAT8_Grass-FescueWheatg_YNP-FW-3_AVIRISb_RTGC.txt,vegetation,0.072787277,0.10025015,0.11935629,0.26866582,0.33382213,0.24550094
S07LSAT8_Grass-Smoothbrome_YNP-SB-1_AVIRISb_RTGC.txt,vegetation,0.057796437,0.079948783,0.098175749,0.24130733,0.32785702,0.22749835
S07LSAT8_Gray-Pine_CA01-PISA-1_branch_ASDFRa_AREF.txt,vegetation,0.042856678,0.071561687,0.056053828,0.35486621,0.15231001,0.067459099
S07LSAT8_Gray-Pine_CA01-PISA-2_branch_ASDFRa_AREF.txt,vegetation,0.039550353,0.066707253,0.052587807,0.36173952,0.13896815,0.059999324
S07LSAT8_Gray-Pine_CA01-PISA-3_needls_ASDFRa_AREF.txt,vegetation,0.052972935,0.091649771,0.054443575,0.58734465,0.18924509,0.069355495
S07LSAT8_Hyacinth_DWO-3-DEL-2_leaf.a_ASDFRa_AREF.txt,vegetation,0.096128494,0.18836062,0.10211988,0.79422784,0.30659288,0.12229306
S07LSAT8_J.roemer._DWV1-0511a_gr.a_ASDFRa_AREF.txt,vegetation,0.059498694,0.1065332,0.065149136,0.70320427,0.29799336,0.1153398
S07LSAT8_J.roemer._DWV1-0511b_dkgrn.a_ASDFRa_AREF.txt,vegetation,0.049412336,0.095130309,0.05382492,0.63341767,0.25799865,0.10297298
S07LSAT8_J.roemer._DWV1-0511c_grbrn.a_ASDFRa_AREF.txt,vegetation,0.035979439,0.06582997,0.053804535,0.44965389,0.23565181,0.10381215
S07LSAT8_J.roemer._DWV1-0511d_NPV.a_ASDFRa_AREF.txt,vegetation,0.17559835,0.20673515,0.25240827,0.3838343,0.49834058,0.32975078
S07LSAT8_J.roemer._DWV6a2-0511_NPV.a_ASDFRa_AREF.txt,vegetation,0.20082258,0.23643979,0.28148362,0.41137499,0.55840546,0.41605437
S07LSAT8_Juniper_IH91-4B_BECKa_AREF.txt,vegetation,0.085353471,0.14399715,0.10433293,0.6148504,0.21797031,0.099599801
S07LSAT8_Lawn_Grass_GDS91_green_BECKa_AREF.txt,vegetation,0.038215254,0.086201496,0.044176515,0.70460784,0.31383911,0.15416689
S07LSAT8_LawnGrass_GDS91b_+1shft_3nm_BECKa_AREF.txt,vegetation,0.61186332,0.63889259,0.61428297,1.0034809,0.77507317,0.67964226
S07LSAT8_LawnGrass_GDS91b_+1shf-unshf_BECKa_AREF.txt,vegetation,1.0003109,0.9983533,0.99853861,0.99920458,1.0013245,0.99949878
S07LSAT8_LawnGrass_GDS91b_+const_1.0_BECKa_AREF.txt,vegetation,0.61167073,0.63994223,0.61518306,1.00428,0.77405602,0.67998445
S07LSAT8_LawnGrass_GDS91b_-shiftd_3nm_BECKa_AREF.txt,vegetation,1.019737,0.98419476,0.97766489,0.99926412,1.007781,0.99999565
S07LSAT8_LawnGrass_GDS91b_shifted_3nm_BECKa_AREF.txt,vegetation,0.039052136,0.084952839,0.04316121,0.70408887,0.31621161,0.15415315
S07LSAT8_LeafySpurge_Spurge-A1-Jul98_ASDFRa_AREF.txt,vegetation,0.025202839,0.0654248,0.039296955,0.42926016,0.17186151,0.0756182
S07LSAT8_LeafySpurge_Spurge-A1-Jun98_ASDFRa_AREF.txt,vegetation,0.02157779,0.11025122,0.047742091,0.6461944,0.21012007,0.095421068
S07LSAT8_LeafySpurge_Spurge-A1-Oct97_ASDFRa_AREF.txt,vegetation,0.040649619,0.068127982,0.088903867,0.36439797,0.27296093,0.14362811
S07LSAT8_LeafySpurge_Spurge-A1-Sep97_ASDFRa_AREF.txt,vegetation,0.034237035,0.064948924,0.038445842,0.50406474,0.27164692,0.11608321
S07LSAT8_LeafySpurge_Spurge-A2-Jun98_ASDFRa_AREF.txt,vegetation,0.018508309,0.14386667,0.062854625,0.70856529,0.20373373,0.087199464
S07LSAT8_LeafySpurge_Spurge-B1-Jul98_ASDFRa_AREF.txt,vegetation,0.025517104,0.056818765,0.031218244,0.4033632,0.17107029,0.070897825
S07LSAT8_LeafySpurge_Spurge-B1-Oct97_ASDFRa_AREF.txt,vegetation,0.034585051,0.044378892,0.11453713,0.27552563,0.23646347,0.13263823
S07LSAT8_LeafySpurge_Spurge-B2-Jul98_ASDFRa_AREF.txt,vegetation,0.029270655,0.20160164,0.10091783,0.63771993,0.26453301,0.11502193
S07LSAT8_LeafySpurge_Spurge-B3-Jul98_ASDFRa_AREF.txt,vegetation,0.035272736,0.089712463,0.039300673,0.65728271,0.25415123,0.10056008
S07LSAT8_LeafySpurge_Spurge-C1-Oct97_ASDFRa_AREF.txt,vegetation,0.038457002,0.058013789,0.11001763,0.29694021,0.23721093,0.12859425
S07LSAT8_Lichen_Acarospora-1_ASDFRb_AREF.txt,vegetation,0.21185862,0.3393299,0.33274838,0.53967059,0.6174494,0.46518889
S07LSAT8_Lichen_Licedea-1_ASDFRb_AREF.txt,vegetation,0.11965992,0.15937246,0.16849007,0.32681921,0.71643281,0.55198866
S07LSAT8_Lichen_Licedea-2_ASDFRb_AREF.txt,vegetation,0.051286954,0.066032879,0.07773146,0.20379482,0.46350795,0.31781745
S07LSAT8_Lichen_Xanthoparmelia-1_ASDFRb_AREF.txt,vegetation,0.17968276,0.22189957,0.22903259,0.48754373,0.52412254,0.34655869
S07LSAT8_Lichen_Xanthoparmelia-2_ASDFRb_AREF.txt,vegetation,0.17330033,0.22573064,0.20965707,0.43165553,0.48376492,0.31266734
S07LSAT8_Lichen_Xanthoria-1_ASDFRb_AREF.txt,vegetation,0.016927732,0.10559215,0.26289541,0.50717306,0.51842225,0.36683929
S07LSAT8_Lodgepole-Pine_LP-Needles-1_ASDFRa_AREF.txt,vegetation,0.13942862,0.20127536,0.16497777,0.62324917,0.40478653,0.22989984
S07LSAT8_Lodgepole-Pine_LP-Needles-2_ASDFRa_AREF.txt,vegetation,0.074461304,0.12561432,0.2336674,0.559304,0.4185867,0.2114436
S07LSAT8_Lodgepole-Pine_LP-Needles-3_ASDFRa_AREF.txt,vegetation,0.059748203,0.13303979,0.071677193,0.68660337,0.25556767,0.11036326
S07LSAT8_Lodgepole-Pine_YNP-LP_AVIRISb_RTGC.txt,vegetation,0.01679286,0.027816175,0.027430547,0.12514371,0.10864128,0.067887627
S07LSAT8_Lodgepole-Pine_YNP-LP0-MOD_AVIRISb_RTGC.txt,vegetation,0.042542264,0.058078624,0.058766082,0.19281384,0.18481849,0.14439543
S07LSAT8_Lodgepole-Pine_YNP-LP0-VIG_AVIRISb_RTGC.txt,vegetation,0.026225718,0.039806228,0.035317164,0.20786452,0.12323448,0.077354178
S07LSAT8_Lodgepole-Pine_YNP-LP1-A_AVIRISb_RTGC.txt,vegetation,0.019143648,0.031851064,0.030286327,0.14622954,0.1147268,0.071879029
S07LSAT8_Lodgepole-Pine_YNP-LP1-B_AVIRISb_RTGC.txt,vegetation,0.012281993,0.024853026,0.025361471,0.13016607,0.097683571,0.060600977
S07LSAT8_Lodgepole-Pine_YNP-LP1-C_AVIRISb_RTGC.txt,vegetation,0.012055458,0.024347309,0.021813419,0.13859497,0.078274071,0.045411602
S07LSAT8_Lodgepole-Pine_YNP-LP1-D_AVIRISb_RTGC.txt,vegetation,0.010859541,0.024054047,0.020696361,0.13472958,0.084535711,0.047813293
S07LSAT8_Lodgepole-Pine_YNP-LP2-A_AVIRISb_RTGC.txt,vegetation,0.014334427,0.025555961,0.024272649,0.12580082,0.093671434,0.056712601
S07LSAT8_Lodgepole-Pine_YNP-LP2-B_AVIRISb_RTGC.txt,vegetation,0.037552975,0.050132908,0.044748355,0.20711847,0.13608192,0.080343127
S07LSAT8_Lodgepole-Pine_YNP-LP3-A_AVIRISb_RTGC.txt,vegetation,0.01654879,0.028730053,0.024643295,0.14624153,0.088749059,0.051934835
S07LSAT8_Lodgepole-Pine_YNP-LP3-B_AVIRISb_RTGC.txt,vegetation,0.015201781,0.025352534,0.021653499,0.15196231,0.077815153,0.044080917
S07LSAT8_Lythr.lineare_CRMS326v59_grn_ASDFRa_AREF.txt,vegetation,0.033146463,0.079304852,0.049971394,0.55527085,0.20575114,0.086193837
S07LSAT8_Manzanita_CA01-ARVI-1_bush_1_ASDFRa_AREF.txt,vegetation,0.038281657,0.059966736,0.067564674,0.29386002,0.11925077,0.054203819
S07LSAT8_Manzanita_CA01-ARVI-2_bush_2_ASDFRa_AREF.txt,vegetation,0.033886638,0.058179561,0.062687099,0.29314363,0.12289604,0.052607138
S07LSAT8_Manzanita_CA01-ARVI-3_bush_3_ASDFRa_AREF.txt,vegetation,0.035487741,0.056049511,0.061007947,0.31073928,0.11117984,0.050063241
S07LSAT8_Manzanita_CA01-ARVI-4_bush_4_ASDFRa_AREF.txt,vegetation,0.032246981,0.050357737,0.063811094,0.25361073,0.15444712,0.08596015
S07LSAT8_Manzanita_CA01-ARVI-5_bush_5_ASDFRa_AREF.txt,vegetation,0.037900038,0.065850556,0.066789456,0.31697127,0.12043779,0.056277942
S07LSAT8_Manzanita_CA01-ARVI-6_bush_6_ASDFRa_AREF.txt,vegetation,0.04088923,0.064307518,0.074277885,0.32682651,0.13986173,0.066478424
S07LSAT8_Manzanita_CA01-ARVI-7_leaves_ASDFRa_AREF.txt,vegetation,0.131936,0.23077284,0.15928693,0.6374225,0.23188046,0.086957373
S07LSAT8_Maple_Leaves_DW92-1_BECKa_AREF.txt,vegetation,0.037694875,0.083880551,0.039869145,0.64539325,0.3566061,0.17847848
S07LSAT8_Marsh_DISP60%...._CRMS326v59_ASDFRa_AREF.txt,vegetation,0.024798542,0.055707343,0.044553872,0.3128016,0.16745569,0.077570677
S07LSAT8_Marsh_DISP65%...a_CRMS326v84_ASDFRa_AREF.txt,vegetation,0.064912073,0.13292947,0.087545574,0.54875118,0.29185405,0.15231927
S07LSAT8_Marsh_DISP80%..._CRMS326v64_ASDFRa_AREF.txt,vegetation,0.026005624,0.062096331,0.048291404,0.31150955,0.18584614,0.084151693
S07LSAT8_Marsh_PHAU_100%_DWO-3-DEL-2_ASDFRa_AREF.txt,vegetation,0.027749196,0.048432261,0.034253739,0.25701496,0.1222207,0.052570336
S07LSAT8_Marsh_SCAM42%...._CRMS326v50_ASDFRa_AREF.txt,vegetation,0.023066191,0.061592236,0.040438082,0.37888777,0.15766987,0.065443106
S07LSAT8_Marsh_SCAM45%..._CRMS121v28_ASDFRa_AREF.txt,vegetation,0.019516576,0.05081258,0.031353306,0.33968955,0.14266628,0.061019771
S07LSAT8_Marsh_SCAM50%...._CRMS326v48_ASDFRa_AREF.txt,vegetation,0.018790808,0.054695267,0.0345916,0.33036518,0.14955598,0.060201935
S07LSAT8_Marsh_SCAM50%..._CRMS121v32_ASDFRa_AREF.txt,vegetation,0.019432331,0.052028362,0.033351384,0.37606743,0.14743377,0.064105809
S07LSAT8_Marsh_SCAM60%...._CRMS326v71_ASDFRa_AREF.txt,vegetation,0.025539801,0.057452384,0.046277173,0.31549081,0.18024041,0.084766842
S07LSAT8_Marsh_SCAM66%..._CRMS121v38_ASDFRa_AREF.txt,vegetation,0.02054099,0.05757333,0.039193284,0.37657446,0.15502805,0.06731531
S07LSAT8_Marsh_SCAM71%..._CRMS121v49_ASDFRa_AREF.txt,vegetation,0.028095022,0.065045886,0.041736823,0.37046623,0.14614606,0.065416701
S07LSAT8_Marsh_SCAM72%..._CRMS121v33_ASDFRa_AREF.txt,vegetation,0.021330286,0.056522395,0.035190273,0.37226078,0.14254624,0.059882503
S07LSAT8_Marsh_SCAM77%..._CRMS121v34_ASDFRa_AREF.txt,vegetation,0.019405749,0.046530634,0.032264773,0.28910145,0.13076231,0.059144545
S07LSAT8_Marsh_SCAM81%..._CRMS121v37_ASDFRa_AREF.txt,vegetation,0.025413672,0.070106804,0.041597571,0.38847259,0.16409872,0.07362178
S07LSAT8_Marsh_SCAM-DISP..CRMS326v48a_ASDFRa_AREF.txt,vegetation,0.020041136,0.049053252,0.036409594,0.29248941,0.14921524,0.064309381
S07LSAT8_Marsh_SCAM-DISP..CRMS326v50a_ASDFRa_AREF.txt,vegetation,0.020524016,0.052894067,0.03700095,0.32333139,0.1563528,0.065629363
S07LSAT8_Marsh_SCAM-DISP..CRMS326v71a_ASDFRa_AREF.txt,vegetation,0.024323335,0.0564592,0.043835767,0.32500476,0.17441535,0.078645892
S07LSAT8_Marsh_sediment_DWV3-0511_dry_ASDFRa_AREF.txt,vegetation,0.1201007,0.15164766,0.17409033,0.23016554,0.3195492,0.29344356
S07LSAT8_Marsh_SPAL50%..._CRMS322v52_ASDFRa_AREF.txt,vegetation,0.026884723,0.050733518,0.052481584,0.21989959,0.16105424,0.086551681
S07LSAT8_Marsh_SPAL50%...a_CRMS322v52_ASDFRa_AREF.txt,vegetation,0.090141326,0.17605336,0.12533288,0.67011094,0.33384699,0.17104851
S07LSAT8_Marsh_SPAL55%...a_CRMS322v25_ASDFRa_AREF.txt,vegetation,0.084487058,0.16165981,0.13163672,0.58237725,0.36517897,0.19028124
S07LSAT8_Marsh_SPAL60%...a_CRMS322v55_ASDFRa_AREF.txt,vegetation,0.082212955,0.16260234,0.11969649,0.61926055,0.34110579,0.17049903
S07LSAT8_Marsh_SPAL70%...a_CRMS322v16_ASDFRa_AREF.txt,vegetation,0.077945888,0.15266496,0.13469224,0.50407654,0.36116707,0.19463488
S07LSAT8_Marsh_SPAL70%...a_CRMS322v79_ASDFRa_AREF.txt,vegetation,0.089582667,0.16536985,0.12300036,0.61115342,0.34024593,0.18020123
S07LSAT8_Marsh_SPAL77%..._CRMS322v83_ASDFRa_AREF.txt,vegetation,0.022263411,0.046475332,0.039543018,0.20733947,0.12433879,0.062550887
S07LSAT8_Marsh_SPAL80%...a_CRMS322v06_ASDFRa_AREF.txt,vegetation,0.074541613,0.14472519,0.11348186,0.57977909,0.33031091,0.16355318
S07LSAT8_Marsh_SPAL92%...a_CRMS322v78_ASDFRa_AREF.txt,vegetation,0.084904365,0.16477209,0.14120802,0.6406185,0.34509423,0.17751457
S07LSAT8_Marsh_SPAL95%...a_CRMS322v68_ASDFRa_AREF.txt,vegetation,0.088800177,0.17972672,0.11900815,0.63719916,0.33624497,0.16621494
S07LSAT8_Marsh_SPPA35%...a_CRMS326v81_ASDFRa_AREF.txt,vegetation,0.070525549,0.14325622,0.1044453,0.55154961,0.32846469,0.17806312
S07LSAT8_Marsh_SPPA49%...a_CRMS326v06_ASDFRa_AREF.txt,vegetation,0.060739212,0.11600803,0.10043929,0.38469067,0.24542142,0.13795491
S07LSAT8_Marsh_SPPA55%...a_CRMS326v02_ASDFRa_AREF.txt,vegetation,0.073448673,0.13837656,0.11848279,0.5183804,0.33421671,0.19163199
S07LSAT8_Marsh_SPPA67%...a_CRMS326v10_ASDFRa_AREF.txt,vegetation,0.075764664,0.15589793,0.12598146,0.56664878,0.34473321,0.18610919
S07LSAT8_Marsh_water_CRMS121v69-glint_ASDFRa_AREF.txt,vegetation,0.099873051,0.11009679,0.11387507,0.11081937,0.08256457,0.095047913
S07LSAT8_Marsh_water_CRMS322v84a_sunl_ASDFRa_AREF.txt,vegetation,0.019969109,0.031496521,0.033673976,0.034969136,0.012746625,0.009106436
S07LSAT8_Marsh_water40%..._CRMS121v69_ASDFRa_AREF.txt,vegetation,0.014723623,0.036177304,0.02512205,0.24888365,0.086903997,0.037129425
S07LSAT8_Marsh_water55%..._CRMS121v47_ASDFRa_AREF.txt,vegetation,0.01970491,0.038048733,0.033488236,0.15700309,0.081399031,0.043546677
S07LSAT8_Marsh_water75%..._CRMS322v84_ASDFRa_AREF.txt,vegetation,0.024921972,0.037707292,0.038618833,0.11719535,0.093925111,0.052417737
S07LSAT8_Marsh_water80%..._CRMS121v23_ASDFRa_AREF.txt,vegetation,0.022469399,0.043784935,0.031662058,0.20554502,0.078581549,0.032492623
S07LSAT8_Marsh_wrack_DWV1-0511_NPV.a_ASDFRa_AREF.txt,vegetation,0.15590307,0.21196795,0.2920424,0.4913944,0.60006881,0.4369159
S07LSAT8_Marsh_wrack_DWV3-0511_dryNPV_ASDFRa_AREF.txt,vegetation,0.068441063,0.094980553,0.13036674,0.2297568,0.34082246,0.24502589
S07LSAT8_MarshWater_CRMS121v69-NoGlnt_ASDFRa_AREF.txt,vegetation,0.026792303,0.032453705,0.032929711,0.022258401,0.010946564,0.007238935
S07LSAT8_Oak_Oak-Leaf-1_fresh_ASDFRa_AREF.txt,vegetation,0.098687857,0.15888292,0.10371494,0.85781449,0.44933698,0.23055562
S07LSAT8_Oak_Oak-Leaf-2_dried_ASDFRa_AREF.txt,vegetation,0.1102436,0.18648037,0.12857977,0.69707334,0.572366,0.33218172
S07LSAT8_Oak_QUDU_CA01-QUDU-1_bush_1_ASDFRa_AREF.txt,vegetation,0.021509251,0.043103654,0.035415016,0.32564741,0.17040579,0.070460737
S07LSAT8_Oak_QUDU_CA01-QUDU-2_bush_2_ASDFRa_AREF.txt,vegetation,0.023477929,0.045172337,0.036492527,0.3547959,0.16010784,0.064990707
S07LSAT8_Oak_QUDU_CA01-QUDU-3_bush_3_ASDFRa_AREF.txt,vegetation,0.025750525,0.050195895,0.0464122,0.32810128,0.18603116,0.083269663
S07LSAT8_P.aus._DWO-3-DEL-2d_dryNPV.a_ASDFRa_AREF.txt,vegetation,0.20643994,0.27846137,0.40291402,0.71558529,0.77911484,0.57160532
S07LSAT8_P.austr._DWO-3-DEL-2a_stems_ASDFRa_AREF.txt,vegetation,0.091410436,0.12810667,0.17645113,0.32693234,0.39825305,0.27242303
S07LSAT8_P.austr._DWO-3-DEL-2b_grn.a_ASDFRa_AREF.txt,vegetation,0.19482285,0.25527072,0.17816795,0.85229534,0.44437686,0.20691215
S07LSAT8_P.austr._DWO-3-DEL-2c_stem.a_ASDFRa_AREF.txt,vegetation,0.19245067,0.28853106,0.41560939,0.65945721,0.59611017,0.39654848
S07LSAT8_Pinon_Pine_ANP92-14A_needle_BECKa_AREF.txt,vegetation,0.050812028,0.095646448,0.058271043,0.55647939,0.17416832,0.072082818
S07LSAT8_Rabbitbrush_ANP92-27_BECKa_AREF.txt,vegetation,0.11227672,0.17337154,0.13247728,0.52464724,0.26023173,0.13510287
S07LSAT8_Rangeland_C03-004_S08%_G27%_ASDFRa_AREF.txt,vegetation,0.05693135,0.081940182,0.098506637,0.22083913,0.22832218,0.17479357
S07LSAT8_Rangeland_C03-005_S25%_G24%_ASDFRa_AREF.txt,vegetation,0.072616942,0.095435545,0.11385387,0.17852056,0.2348468,0.20751256
S07LSAT8_Rangeland_C03-006_S01%_G39%_ASDFRa_AREF.txt,vegetation,0.073224552,0.099936448,0.13005531,0.20229453,0.26062781,0.22942616
S07LSAT8_Rangeland_C03-010_S12%_G15%_ASDFRa_AREF.txt,vegetation,0.070129693,0.095303878,0.117469,0.20711945,0.26846942,0.23423043
S07LSAT8_Rangeland_C03-013_S06%_G08%_ASDFRa_AREF.txt,vegetation,0.07263276,0.10069586,0.12948743,0.23482125,0.31235421,0.27413565
S07LSAT8_Rangeland_C03-014_S26%_G25%_ASDFRa_AREF.txt,vegetation,0.067737028,0.091667444,0.10724118,0.22468008,0.25580508,0.20111664
S07LSAT8_Rangeland_C03-017_S20%_G19%_ASDFRa_AREF.txt,vegetation,0.056358006,0.080859728,0.096101642,0.21988818,0.2470042,0.2081179
S07LSAT8_Rangeland_C03-019_S20%_G14%_ASDFRa_AREF.txt,vegetation,0.065154739,0.087287739,0.10550373,0.18990846,0.23227172,0.18883404
S07LSAT8_Rangeland_C03-021_S11%_G07%_ASDFRa_AREF.txt,vegetation,0.053370796,0.076868474,0.098580942,0.19633639,0.25883728,0.217392
S07LSAT8_Rangeland_C03-022_S12%_G22%_ASDFRa_AREF.txt,vegetation,0.079232521,0.10650908,0.12500934,0.23166643,0.29336014,0.24545848
S07LSAT8_Rangeland_C03-027_S27%_G19%_ASDFRa_AREF.txt,vegetation,0.07379967,0.098407306,0.11277901,0.22071561,0.25059658,0.20502719
S07LSAT8_Rangeland_C03-031_S15%_G14%_ASDFRa_AREF.txt,vegetation,0.061666224,0.084707819,0.098869249,0.19976191,0.23225752,0.19321464
S07LSAT8_Rangeland_C03-032_S34%_G15%_ASDFRa_AREF.txt,vegetation,0.051170353,0.068385407,0.073093645,0.1743145,0.2056298,0.15342927
S07LSAT8_Rangeland_C03-037_S37%_G13%_ASDFRa_AREF.txt,vegetation,0.06554608,0.087424733,0.099598967,0.21231893,0.2397909,0.18910114
S07LSAT8_Rangeland_C03-041_S15%_G06%_ASDFRa_AREF.txt,vegetation,0.10225761,0.1284498,0.15003794,0.23000221,0.31506449,0.27150172
S07LSAT8_Rangeland_C03-047_S09%_G12%_ASDFRa_AREF.txt,vegetation,0.0601069,0.086048871,0.1008686,0.24750061,0.28114259,0.22836453
S07LSAT8_Rangeland_C03-050_S18%_G12%_ASDFRa_AREF.txt,vegetation,0.082507707,0.11174629,0.13821842,0.22012639,0.2618314,0.22588097
S07LSAT8_Rangeland_C03-052_S22%_G24%_ASDFRa_AREF.txt,vegetation,0.068674006,0.092540219,0.10787821,0.18874907,0.22689085,0.18540375
S07LSAT8_Rangeland_C03-066_S11%_G17%_ASDFRa_AREF.txt,vegetation,0.049373411,0.066003866,0.075722061,0.18098813,0.27398065,0.20916054
S07LSAT8_Rangeland_C03-068_S05%_G43%_ASDFRa_AREF.txt,vegetation,0.057161655,0.082220145,0.1063761,0.25075817,0.2595537,0.2009645
S07LSAT8_Rangeland_C03-070_S02%_G31%_ASDFRa_AREF.txt,vegetation,0.055929098,0.079085059,0.08990708,0.21662112,0.2474014,0.19072913
S07LSAT8_Rangeland_C03-073_S30%_G24%_ASDFRa_AREF.txt,vegetation,0.06655132,0.088971369,0.100876,0.21564133,0.24637565,0.19050923
S07LSAT8_Rangeland_C03-074_S24%_G16%_ASDFRa_AREF.txt,vegetation,0.067293063,0.090272553,0.10216171,0.20858705,0.24136844,0.19765271
S07LSAT8_Rangeland_C03-076_S13%_G13%_ASDFRa_AREF.txt,vegetation,0.084974237,0.11510362,0.1448583,0.22924867,0.30560839,0.26316413
S07LSAT8_Rangeland_C03-077_S09%_G10%_ASDFRa_AREF.txt,vegetation,0.049373411,0.066003866,0.075722061,0.18098813,0.27398065,0.20916054
S07LSAT8_Rangeland_C03-080_S18%_G15%_ASDFRa_AREF.txt,vegetation,0.050607949,0.073347755,0.081928052,0.21199898,0.23096056,0.18334602
S07LSAT8_Rangeland_C03-081_S07%_G23%_ASDFRa_AREF.txt,vegetation,0.062709704,0.08721748,0.10899155,0.23595592,0.27423531,0.22942126
S07LSAT8_Rangeland_C03-085_S06%_G24%_ASDFRa_AREF.txt,vegetation,0.07158383,0.099009566,0.12326744,0.23725501,0.28743544,0.25115025
S07LSAT8_Rangeland_C03-086_S29%_G13%_ASDFRa_AREF.txt,vegetation,0.06475696,0.086012781,0.10302873,0.17781718,0.22647169,0.19217119
S07LSAT8_Rangeland_C03-089_S20%_G21%_ASDFRa_AREF.txt,vegetation,0.074713208,0.10306694,0.12058217,0.25233427,0.29419947,0.2377535
S07LSAT8_Rangeland_C03-090_S14%_G31%_ASDFRa_AREF.txt,vegetation,0.065278552,0.089553595,0.11179359,0.23509315,0.27795374,0.22045776
S07LSAT8_Rangeland_C03-091_S30%_G17%_ASDFRa_AREF.txt,vegetation,0.063231856,0.082247153,0.093670875,0.18272777,0.23769897,0.19057666
S07LSAT8_Rangeland_C03-095_S09%_G08%_ASDFRa_AREF.txt,vegetation,0.066630825,0.091736585,0.11306679,0.20086999,0.25706336,0.21823381
S07LSAT8_Rangeland_C03-097_S07%_G21%_ASDFRa_AREF.txt,vegetation,0.066243015,0.091519676,0.11284056,0.23658425,0.29985905,0.2584061
S07LSAT8_Rangeland_C04-151_S29%_G05%_ASDFRa_AREF.txt,vegetation,0.064452112,0.084651768,0.096483372,0.1765772,0.23422381,0.19257097
S07LSAT8_Rangeland_C04-153_S12%_G16%_ASDFRa_AREF.txt,vegetation,0.061019346,0.084736601,0.098697774,0.22125444,0.25636899,0.21278462
S07LSAT8_Rangeland_C04-154_S12%_G10%_ASDFRa_AREF.txt,vegetation,0.074669406,0.10082862,0.11772951,0.21373892,0.27016214,0.22833627
S07LSAT8_Rangeland_C04-155A_S03%_G38%_ASDFRa_AREF.txt,vegetation,0.062739253,0.088388756,0.10664338,0.23516683,0.25964236,0.21245709
S07LSAT8_Rangeland_C04-166_S09%_G10%_ASDFRa_AREF.txt,vegetation,0.067033388,0.09034647,0.11487305,0.18746017,0.25550988,0.23210882
S07LSAT8_Rangeland_C04-170_S30%_G24%_ASDFRa_AREF.txt,vegetation,0.049873743,0.071773715,0.070228286,0.23278922,0.20258977,0.14393809
S07LSAT8_Rangeland_C04-175_S06%_G23%_ASDFRa_AREF.txt,vegetation,0.064714231,0.090168096,0.11338363,0.22747733,0.27305159,0.23187494
S07LSAT8_Rangeland_C04-197_S17%_G15%_ASDFRa_AREF.txt,vegetation,0.065245807,0.086402506,0.099905096,0.18392573,0.22898377,0.19087489
S07LSAT8_Rangeland_C04-200_S03%_G17%_ASDFRa_AREF.txt,vegetation,0.062527746,0.087050408,0.10748613,0.20589606,0.23823041,0.20562054
S07LSAT8_Rangeland_C04-203_S21%_G07%_ASDFRa_AREF.txt,vegetation,0.082802512,0.10784768,0.12372014,0.21882014,0.27687865,0.22158217
S07LSAT8_Rangeland_C04-204_S24%_G06%_ASDFRa_AREF.txt,vegetation,0.057684597,0.076094881,0.082980491,0.1876906,0.21308863,0.16670471
S07LSAT8_Rangeland_C04-208_S15%_G20%_ASDFRa_AREF.txt,vegetation,0.068714544,0.0919955,0.10267808,0.2064465,0.24283057,0.19950788
S07LSAT8_Rangeland_C04-209A_S17%_G04%_ASDFRa_AREF.txt,vegetation,0.06458503,0.089190073,0.10530872,0.20507945,0.25284588,0.20810838
S07LSAT8_Rangeland_C04-211_S03%_G16%_ASDFRa_AREF.txt,vegetation,0.084181145,0.11373512,0.1428645,0.23453167,0.29781628,0.26759756
S07LSAT8_Rangeland_C04-214_S03%_G17%_ASDFRa_AREF.txt,vegetation,0.061260439,0.08617381,0.10347784,0.25088084,0.27479938,0.22583748
S07LSAT8_Rangeland_C04-226_S05%_G25%_ASDFRa_AREF.txt,vegetation,0.058936939,0.081695825,0.094897069,0.22394474,0.28036126,0.23285326
S07LSAT8_Rangeland_C04-232_S23%_G13%_ASDFRa_AREF.txt,vegetation,0.052630458,0.07264854,0.075838573,0.20254987,0.20032905,0.15209588
S07LSAT8_Rangeland_C04-233_S16%_G06%_ASDFRa_AREF.txt,vegetation,0.056410201,0.083012693,0.096344337,0.22654401,0.25784206,0.21572286
S07LSAT8_Rangeland_C04-236_S20%_G18%_ASDFRa_AREF.txt,vegetation,0.054868583,0.075986527,0.084163092,0.20580636,0.21810453,0.17278481
S07LSAT8_Rangeland_C04-237_S05%_G25%_ASDFRa_AREF.txt,vegetation,0.064447679,0.093261689,0.11423291,0.2554197,0.28145048,0.22789411
S07LSAT8_Rangeland_C04-243A_S05%G02%_ASDFRa_AREF.txt,vegetation,0.06330657,0.092162587,0.10950933,0.24056742,0.26145089,0.2166173
S07LSAT8_Rangeland_C04-251_S17%_G07%_ASDFRa_AREF.txt,vegetation,0.064508408,0.088766843,0.10523732,0.2071891,0.24599206,0.20343596
S07LSAT8_Rangeland_C04-252_S08%_G05%_ASDFRa_AREF.txt,vegetation,0.062172066,0.089814447,0.11050711,0.21969415,0.26153114,0.21904072
S07LSAT8_Rangeland_C04-253_S27%_G21%_ASDFRa_AREF.txt,vegetation,0.057816394,0.078861646,0.082825661,0.20799217,0.22364525,0.16963693
S07LSAT8_Rangeland_C04-264_S09%_G18%_ASDFRa_AREF.txt,vegetation,0.068243489,0.092502587,0.10965779,0.20996134,0.24332479,0.20755994
S07LSAT8_Rangeland_C04-272_S04%_G36%_ASDFRa_AREF.txt,vegetation,0.057854131,0.084703125,0.10231969,0.26415291,0.28619608,0.22023501
S07LSAT8_Rangeland_C04-273_S25%_G08%_ASDFRa_AREF.txt,vegetation,0.060556658,0.0796028,0.089616507,0.18032935,0.21447693,0.17326659
S07LSAT8_Rangeland_C04-288_S19%_G34%_ASDFRa_AREF.txt,vegetation,0.04845649,0.067555599,0.071156204,0.1932641,0.19968669,0.14843081
S07LSAT8_Rangeland_C04-295_S17%_G17%_ASDFRa_AREF.txt,vegetation,0.060888946,0.081590004,0.092141986,0.19602653,0.24691018,0.19988157
S07LSAT8_Rangeland_L02-005_S14%_G16%_ASDFRa_AREF.txt,vegetation,0.082123287,0.10570481,0.12185512,0.20149471,0.28946021,0.22430494
S07LSAT8_Rangeland_L02-013_S00%_G31%_ASDFRa_AREF.txt,vegetation,0.052341871,0.069637187,0.085606396,0.15333344,0.2871882,0.26492622
S07LSAT8_Rangeland_L02-015_S01%_G35%_ASDFRa_AREF.txt,vegetation,0.073394507,0.10134378,0.12213235,0.2214392,0.29357317,0.22804531
S07LSAT8_Rangeland_L02-019_S01%_G06%_ASDFRa_AREF.txt,vegetation,0.10036895,0.13789429,0.16115461,0.25194106,0.36472449,0.28906503
S07LSAT8_Rangeland_L02-022_S20%_G09%_ASDFRa_AREF.txt,vegetation,0.067408666,0.08888232,0.10282284,0.17928484,0.2608515,0.20011529
S07LSAT8_Rangeland_L02-023_S01%_G56%_ASDFRa_AREF.txt,vegetation,0.072927564,0.10273932,0.12594503,0.23017159,0.31268993,0.23226099
S07LSAT8_Rangeland_L02-025_S00%_G21%_ASDFRa_AREF.txt,vegetation,0.059353281,0.083792612,0.10753561,0.20168138,0.3119992,0.24503776
S07LSAT8_Rangeland_L02-042_S01%_G57%_ASDFRa_AREF.txt,vegetation,0.097299919,0.13084055,0.1618892,0.24451557,0.35798967,0.28133637
S07LSAT8_Rangeland_L02-043_S01%_G07%_ASDFRa_AREF.txt,vegetation,0.12362713,0.18347713,0.24524242,0.32998312,0.45104226,0.37820736
S07LSAT8_Rangeland_L02-045_S01%_G04%_ASDFRa_AREF.txt,vegetation,0.11500418,0.16210523,0.19406027,0.28101942,0.34673744,0.27834326
S07LSAT8_Rangeland_L02-046_S16%_G20%_ASDFRa_AREF.txt,vegetation,0.084654436,0.10872559,0.12692872,0.21996155,0.34486616,0.26118976
S07LSAT8_Rangeland_L02-054_S00%_G21%_ASDFRa_AREF.txt,vegetation,0.06369856,0.088280551,0.10834681,0.21281452,0.28717494,0.20803584
S07LSAT8_Rangeland_L02-057_S01%_G47%_ASDFRa_AREF.txt,vegetation,0.03960669,0.057143193,0.069458827,0.15552706,0.21343671,0.15016425
S07LSAT8_Rangeland_L02-058_S00%_G25%_ASDFRa_AREF.txt,vegetation,0.070583716,0.097046517,0.12219394,0.23080197,0.32787615,0.24377887
S07LSAT8_Rangeland_L02-060_S00%_G13%_ASDFRa_AREF.txt,vegetation,0.080061972,0.11169674,0.13597617,0.21315695,0.30965129,0.24864039
S07LSAT8_Rangeland_L02-061_S00%_G06%_ASDFRa_AREF.txt,vegetation,0.040436044,0.053435687,0.065921687,0.13176529,0.28385112,0.28647611
S07LSAT8_Rangeland_L02-068A_S00%_G38%_ASDFRa_AREF.txt,vegetation,0.07228402,0.098392531,0.12485103,0.21075779,0.33801246,0.28673527
S07LSAT8_Rangeland_L02-069_S00%_G99%_ASDFRa_AREF.txt,vegetation,0.041790057,0.063064776,0.068294212,0.19429649,0.20544656,0.12314231
S07LSAT8_Rangeland_L02-077_S00%_G28%_ASDFRa_AREF.txt,vegetation,0.063503087,0.086233474,0.10649386,0.20067181,0.30268741,0.24642675
S07LSAT8_Rangeland_L04-035_S03%_G54%_ASDFRa_AREF.txt,vegetation,0.067470156,0.092655569,0.10317148,0.19590785,0.23971689,0.16982935
S07LSAT8_Rangeland_L04-047_S00%_G47%_ASDFRa_AREF.txt,vegetation,0.03228965,0.05521711,0.046794925,0.24539104,0.13662112,0.073870547
S07LSAT8_Rangeland_L04-058_S34%_G25%_ASDFRa_AREF.txt,vegetation,0.061190322,0.081956141,0.088075683,0.18187623,0.25539815,0.19001302
S07LSAT8_Rangeland_L04-072_S30%_G21%_ASDFRa_AREF.txt,vegetation,0.053498812,0.075149134,0.078367636,0.17085277,0.20248792,0.13935928
S07LSAT8_Rangeland_L04-075A_S00%_G49%_ASDFRa_AREF.txt,vegetation,0.068311997,0.096638709,0.10556593,0.21080376,0.26271945,0.18385945
